City,State,ID,Lat,Lon,Elev,WMO
Central,AK,PARL,65.57,-144.80,292,99999
Atka,AK,PAAK,52.22,-174.20,17,99999
Buckland,AK,PABL,65.99,-161.12,0,99999
Portage Glacier,AK,PATO,60.79,-148.83,29,99999
Nivalina,AK,PAVL,67.73,-164.55,3,70148
Golovin,AK,PAGL,64.55,-163.05,8,70199
Kaltag,AK,PAKV,64.32,-158.73,60,99999
Egegik,AK,PAII,58.42,-157.37,119,99999
Koyuk,AK,PAKK,64.95,-160.80,40,99999
Chandalar Lake,AK,PALR,67.50,-148.48,585,99999
Red Dog Mine,AK,PARD,68.03,-162.90,297,99999
Birchwood,AK,PABV,61.42,-149.52,29,99999
Adak NAS,AK,PADK,51.88,-176.65,4,70454
Noatak,AK,PAWN,67.57,-162.98,30,99999
Kodiak,AK,PADQ,57.75,-152.50,34,70350
Anchorage,AK,PANC,61.17,-150.02,40,70273
Annette Island,AK,PANT,55.03,-131.57,34,70398
Barrow,AK,PABR,71.30,-156.78,4,70026
Cold Bay,AK,PACD,55.20,-162.72,31,70316
Dillingham,AK,PADL,59.05,-158.52,29,70321
Fairbanks,AK,PAFA,64.82,-147.87,138,70261
Galbraith Lake,AK,PAGB,68.48,-149.48,814,70063
Homer,AK,PAHO,59.63,-151.50,22,70341
Juneau,AK,PAJN,58.37,-134.58,7,70381
McGrath,AK,PAMC,62.97,-155.62,103,70231
Mekoryuk,AK,PAMY,60.37,-166.27,15,99999
Kuparuk,AK,PAKU,70.32,-149.58,20,99999
Nome,AK,PAOM,64.50,-165.43,7,70200
Kotzebue,AK,PAOT,66.87,-162.63,5,70133
Saint Paul Island,AK,PASN,57.15,-170.22,9,70308
Seldovia,AK,PASO,59.44,-151.70,8,99999
Sheep Mountain,AK,PASP,61.82,-149.38,2959,99999
Talkeetna,AK,PATK,62.30,-150.10,109,70251
Unalakleet,AK,PAUN,63.88,-160.80,6,70207
Point Hope,AK,PAPO,68.35,-166.80,4,99999
Valdez,AK,PAVD,61.13,-146.35,10,70275
Yakutat,AK,PAYA,59.52,-139.67,9,70361
Ambler,AK,PAFM,67.10,-157.85,88,70171
King Salmon,AK,PAKN,58.68,-156.65,15,70326
Cape Lisburne,AK,PALU,68.88,-166.12,4,70104
Shemya AFB,AK,PASY,52.72,174.12,30,70414
Aniak,AK,PANI,61.58,-159.53,26,70232
Bettles,AK,PABT,66.92,-151.52,196,70174
Dutch Harbor,AK,PADU,53.88,-166.53,4,70489
Fort Yukon,AK,PFYU,66.57,-145.27,431,70194
Middleton Island,AK,PAMD,59.43,-146.33,14,70343
Port Heiden,AK,PAPH,56.95,-158.62,29,70333
Deadhorse,AK,PASC,70.20,-148.47,17,70063
Sitka,AK,PASI,57.07,-135.35,20,70371
Cantwell,AK,PATW,63.38,-148.95,668,99999
Arctic Village,AK,PARC,68.12,-145.58,636,99999
Big River Lakes,AK,PALV,60.82,-152.30,12,99999
Bethel,AK,PABE,60.78,-161.80,46,70219
Big Delta,AK,PABI,64.00,-145.73,388,70267
Barter Island,AK,PABA,70.13,-143.63,15,70086
Eagle,AK,PAEG,64.77,-141.15,268,99999
Metlakatla,AK,PAMM,55.08,-131.35,1,99999
Elfin Cove,AK,PAEL,58.20,-136.35,0,99999
Fairbanks Ft. Wainwright,AK,PAFB,64.84,-147.61,137,99999
Gulkana,AK,PAGK,62.15,-145.45,481,70271
Ketchikan,AK,PAKT,55.35,-131.70,29,70395
Mckinley Park,AK,PAIN,63.73,-148.92,524,99999
Minchumina,AK,PAMH,63.90,-152.27,214,70246
Northway,AK,PAOR,62.97,-141.93,525,70291
Petersburg,AK,PAPG,56.82,-132.97,0,70386
Puntilla Lake,AK,PAPT,62.10,-152.75,560,70249
Sand Point,AK,PASD,55.33,-160.50,7,99999
Seward,AK,PAWD,60.12,-149.45,18,70277
Skagway,AK,PAGY,59.47,-135.30,5,70362
Shishmaref,AK,PASH,66.27,-166.03,2,99999
Tanana,AK,PATA,65.17,-152.10,67,70178
Umiat,AK,PAUM,69.37,-152.13,85,70162
Port Alsworth,AK,PALJ,60.20,-154.30,81,99999
Port Alexander,AK,PAAP,56.25,-134.65,1,99999
Cape Romanzoff,AK,PACZ,61.78,-166.03,139,70212
Cape Newenham,AK,PAEH,58.65,-162.07,165,70305
Galena,AK,PAGA,64.73,-156.93,46,70222
Sparrevohn,AK,PASV,61.10,-155.58,480,70235
Deering,AK,PADE,66.07,-162.77,5,99999
Slana,AK,PADT,62.73,-143.92,738,99999
Cordova,AK,PACV,60.50,-145.50,13,70296
Elmendorf AFB,AK,PAED,61.25,-149.79,59,70272
Kenai,AK,PAEN,60.57,-151.25,29,70259
Nenana,AK,PANN,64.55,-149.08,110,70260
Iliamna,AK,PAIL,59.75,-154.92,49,70340
Chignik,AK,PAJC,56.31,-158.37,20,99999
Lake Hood,AK,PALH,61.18,-149.97,22,99999
Hooper Bay,AK,PAHP,61.52,-166.15,5,99999
Skwentna,AK,PASW,61.97,-151.20,45,70255
Eureka,AK,PAZK,61.94,-147.17,1003,99999
Healy River,AK,PAHV,63.83,-149.00,396,70264
Hayes River,AK,PAHZ,61.98,-152.08,305,99999
St. Marys,AK,PASM,62.06,-163.30,92,99999
Snowshoe Lake,AK,PALK,62.03,-146.67,735,99999
Whittier,AK,PAWR,60.78,-148.72,9,99999
Anaktuvuk Pass,AK,PAKP,68.08,-151.44,2110,99999
Anvik,AK,PANV,62.39,-160.11,99,99999
Huslia,AK,PAHS,65.42,-156.23,180,99999
Hydaburg,AK,PAHY,55.12,-132.50,0,99999
Kake,AK,PAFE,56.97,-133.95,9,99999
Anchorage Merrill,AK,PAMR,61.22,-149.85,42,99999
Palmer,AK,PAAQ,61.60,-149.08,71,70274
Sleetmute,AK,PASL,61.43,-157.09,178,99999
Soldotna,AK,PASX,60.28,-151.02,107,99999
St. George,AK,PAPB,56.58,-169.66,17,99999
Togiak,AK,PATG,59.05,-160.40,4,99999
Valdez,AK,PAVW,61.13,-146.35,10,70275
Selawik,AK,PASK,66.30,-159.60,25,99999
Wrangell,AK,PAWG,56.48,-132.37,13,70387
Wasilla,AK,PAWS,61.57,-149.54,106,99999
Chulitna,AK,PAEC,62.88,-149.83,381,99999
Willow,AK,PAUO,61.75,-150.05,67,70372
Haines Harbor,AK,PAHN,59.23,-135.43,10,99999
Nabesna,AK,PABN,62.97,-141.88,119,99999
Sutton,AK,PAJV,61.72,-148.88,168,70269
Fairbanks Eiels,AK,PAEI,64.67,-147.10,167,70265
Tin City,AK,PATC,65.57,-167.92,82,70117
Tatalina,AK,PATL,62.90,-155.98,294,99999
Emmonak,AK,PAEM,62.77,-164.52,3,99999
Klawock,AK,PAKW,55.58,-133.07,15,99999
Gustavus,AK,PAGS,58.42,-135.73,9,70367
McCarthy,AK,PAMX,61.43,-142.92,455,99999
Savoonga,AK,PASA,63.68,-170.50,16,99999
Hoonah,AK,PAOH,58.10,-135.45,0,99999
Indian Mountain,AK,PAIM,66.00,-153.70,375,70173
Nuiqsut,AK,PAQT,70.21,-150.99,17,99999
Alabaster,AL,KEET,33.18,-86.78,178,99999
Anniston,AL,KANB,33.58,-85.85,186,99999
Auburn-Opelika,AL,KAUO,32.62,-85.43,236,99999
Mobile Downtown,AL,KBFM,30.63,-88.07,8,99999
Birmingham,AL,KBHM,33.57,-86.75,192,72228
Centreville,AL,KCKL,32.90,-87.25,140,72229
Decatur,AL,KDCU,34.65,-86.95,180,99999
Dothan,AL,KDHN,31.32,-85.45,122,99999
Evergreen,AL,KGZH,31.42,-87.04,79,99999
Gadsden,AL,KGAD,33.97,-86.08,173,99999
Huntsville,AL,KHSV,34.65,-86.77,196,72323
Montgomery,AL,KMGM,32.30,-86.40,62,72226
Mobile,AL,KMOB,30.68,-88.25,67,72223
Muscle Shoals,AL,KMSL,34.75,-87.62,168,99999
Maxwell AFB,AL,KMXF,32.38,-86.37,51,99999
Ozark,AL,KOZR,31.28,-85.72,91,99999
Tuscaloosa,AL,KTCL,33.22,-87.62,52,99999
Troy,AL,KTOI,31.87,-86.02,121,99999
Searcy,AR,KSRC,35.21,-91.74,80,99999
NW Arkansas Airport,AR,KXNA,36.28,-94.31,392,99999
Mount Ida,AR,KMWT,34.55,-93.58,214,99999
Russellville,AR,KRUE,35.26,-93.09,115,99999
Walnut Ridge,AR,KARG,36.13,-90.92,83,99999
Springdale,AR,KASG,36.18,-94.12,412,99999
Batesville,AR,KBVX,35.73,-91.65,141,99999
Blytheville,AR,KBYH,35.97,-89.95,78,99999
El Dorado,AR,KELD,33.22,-92.80,77,99999
Flippin,AR,KFLP,36.30,-92.47,350,99999
Fort Smith,AR,KFSM,35.33,-94.37,141,72344
Fayetteville,AR,KFYV,36.00,-94.17,381,99999
Hot Springs,AR,KHOT,34.48,-93.10,165,99999
Harrison,AR,KHRO,36.27,-93.15,416,99999
Jonesboro,AR,KJBR,35.83,-90.65,80,99999
Little Rock,AR,KLIT,34.73,-92.23,79,99999
Little Rock AFB,AR,KLRF,34.92,-92.15,95,99999
Pine Bluff,AR,KPBF,34.18,-91.93,63,99999
Rogers,AR,KROG,36.37,-94.10,415,99999
Stuttgart,AR,KSGT,34.60,-91.57,68,99999
Siloam Spring,AR,KSLG,36.20,-94.48,300,99999
Texarkana,AR,KTXK,33.45,-93.98,119,99999
Bentonville,AR,KVBT,36.35,-94.22,395,99999
Mountain Home,AR,KBPK,36.37,-92.47,280,99999
Blytheville,AR,KHKA,35.94,-89.83,78,99999
Monticello,AR,KLLQ,33.64,-91.76,83,99999
Casa Grande,AZ,KCGZ,32.95,-111.77,446,99999
Tucson Davis Monthan,AZ,KDMA,32.17,-110.88,824,99999
Douglas Bisbee,AZ,KDUG,31.47,-109.60,1265,99999
Phoenix Deer Valley,AZ,KDVT,33.68,-112.08,450,99999
Safford,AZ,KSAD,32.82,-109.68,950,99999
Mesa,AZ,KFFZ,33.47,-111.73,424,99999
Sierra Vista,AZ,KFHU,31.60,-110.35,1438,72273
Flagstaff,AZ,KFLG,35.13,-111.67,2137,99999
Gila Bend,AZ,KGBN,32.88,-112.72,262,74724
Grand Canyon,AZ,KGCN,35.95,-112.15,2014,99999
Goodyear,AZ,KGYR,33.42,-112.38,295,99999
Bullhead City,AZ,KIFP,35.10,-114.34,9999,99999
Kingman,AZ,KIGM,35.27,-113.95,1033,72370
Winslow,AZ,KINW,35.02,-110.73,1488,72374
Williams AFB,AZ,KIWA,33.32,-111.65,422,99999
Glendale Luke AFB,AZ,KLUF,33.53,-112.38,332,99999
Nogales,AZ,KOLS,31.42,-110.85,1198,99999
Yuma MCAS,AZ,KNYL,32.65,-114.62,65,99999
Page,AZ,KPGA,36.93,-111.45,1304,72371
Phoenix,AZ,KPHX,33.43,-112.02,337,72278
Prescott,AZ,KPRC,34.65,-112.42,1537,99999
Scottsdale,AZ,KSDL,33.62,-111.92,460,99999
St. Johns,AZ,KSJN,34.52,-109.38,1747,99999
Show Low,AZ,KSOW,34.27,-110.00,1954,99999
Tucson,AZ,KTUS,32.12,-110.93,779,72274
Valle,AZ,K40G,35.65,-112.15,1829,99999
Yuma,AZ,KYUM,32.50,-114.40,231,99999
Window Rock,AZ,KRQE,35.66,-109.06,2056,99999
Avalon,CA,KAVX,33.40,-118.42,488,99999
Newhall,CA,K3A6,34.37,-118.57,300,99999
Ramona,CA,KRNM,33.04,-116.91,424,99999
Point Piedras,CA,K87Q,35.67,-121.28,21,72390
Arcata,CA,KACV,40.98,-124.10,66,99999
Napa County,CA,KAPC,38.22,-122.28,10,99999
Beale AFB,CA,KBAB,39.13,-121.43,34,99999
Bakersfield,CA,KBFL,35.43,-119.05,150,72384
Bishop,CA,KBIH,37.37,-118.37,1263,72480
Blythe,CA,KBLH,33.62,-114.72,121,99999
Blue Canyon,CA,KBLU,39.28,-120.72,1611,99999
Burney,CA,KBNY,40.88,-121.67,957,99999
Beaumont,CA,KBUO,33.93,-116.97,692,99999
Burbank,CA,KBUR,34.20,-118.35,236,72288
Concord,CA,KCCR,37.98,-122.05,7,99999
Crescent City,CA,KCEC,41.78,-124.23,17,99999
Chico,CA,KCIC,39.80,-121.85,73,99999
Camarillo,CA,KCMA,34.22,-119.08,23,99999
Chino,CA,KCNO,33.97,-117.63,198,99999
Carlsbad,CA,KCRQ,33.13,-117.28,100,99999
Campo,CA,KCZZ,32.62,-116.47,802,99999
Daggett-Barstow,CA,KDAG,34.85,-116.78,587,99999
Edwards AFB,CA,KEDW,34.90,-117.88,702,72381
Needles,CA,KEED,34.77,-114.62,302,99999
Eureka,CA,KEKA,40.80,-124.17,18,72594
El Monte,CA,KEMT,34.08,-118.03,90,99999
Fresno,CA,KFAT,36.77,-119.72,100,72389
Fullerton,CA,KFUL,33.87,-117.98,29,99999
Hawthorne,CA,KHHR,33.92,-118.33,19,99999
Hanford,CA,KHJO,36.32,-119.63,74,99999
Hayward,CA,KHWD,37.67,-122.12,14,99999
Imperial,CA,KIPL,32.83,-115.58,17,99999
Santa Ynez,CA,KIZA,34.60,-120.07,205,99999
Los Angeles,CA,KLAX,33.93,-118.40,32,72295
Los Angeles Downtown,CA,KCQT,34.05,-118.24,78,99999
Long Beach,CA,KLGB,33.82,-118.15,12,72297
Lompoc,CA,KLPC,34.67,-120.47,27,99999
Livermore,CA,KLVK,37.70,-121.82,121,99999
Merced,CA,KMCE,37.28,-120.52,47,99999
Mather AFB,CA,KMHR,38.55,-121.30,29,99999
Mount Shasta,CA,KMHS,41.32,-122.32,1080,99999
Mojave,CA,KMHV,35.07,-118.15,849,99999
Mammoth,CA,KMMH,37.62,-118.83,2173,99999
Modesto City,CA,KMOD,37.63,-120.95,30,99999
Monterey,CA,KMRY,36.58,-121.85,77,99999
Mount Wilson,CA,KMWS,34.23,-118.07,1739,72289
San Diego Montgomery,CA,KMYF,32.82,-117.13,129,99999
Marysville,CA,KMYV,39.10,-121.57,19,99999
Camp Pendleton,CA,KNFG,33.30,-117.35,24,99999
China Lake,CA,KNID,35.68,-117.68,696,74612
El Centro,CA,KNJK,32.82,-115.68,13,72281
Miramar MCAS,CA,KNKX,32.85,-117.12,128,72293
Lemoore NAS,CA,KNLC,36.33,-119.95,72,74702
Imperial Beach,CA,KNRS,32.57,-117.12,7,99999
San Nicolas Island,CA,KNSI,33.23,-119.45,154,72291
Point Mugu,CA,KNTD,34.12,-119.12,2,72391
Moffett NAS,CA,KNUQ,37.42,-122.05,12,74509
Twentynine Palms,CA,KNXP,34.30,-116.17,626,69015
North Island,CA,KNZY,32.70,-117.22,8,99999
Shelter Cove,CA,KO87,40.02,-124.07,21,99999
Oakland,CA,KOAK,37.73,-122.22,3,72493
Ontario,CA,KONT,34.05,-117.60,287,99999
Oroville,CA,KOVE,39.49,-121.62,59,99999
Oxnard,CA,KOXR,34.20,-119.20,13,99999
Inyokern,CA,KIYK,35.66,-117.83,748,99999
Palo Alto,CA,KPAO,37.47,-122.12,2,99999
Palmdale,CA,KPMD,34.63,-118.08,774,72382
La Verne,CA,KPOC,34.10,-117.78,308,99999
Paso Robles,CA,KPRB,35.67,-120.63,255,99999
Palm Springs,CA,KPSP,33.83,-116.50,141,99999
Porterville,CA,KPTV,36.03,-119.07,135,99999
Riverside,CA,KRAL,33.95,-117.45,249,99999
Red Bluff,CA,KRBL,40.15,-122.25,108,72591
Redding,CA,KRDD,40.50,-122.30,153,72592
San Jose Reid,CA,KRHV,37.33,-121.82,41,99999
Riverside March,CA,KRIV,33.88,-117.27,469,72286
Alturas,CA,KAAT,41.50,-120.53,1341,99999
Sacramento,CA,KSAC,38.52,-121.50,8,72483
San Diego,CA,KSAN,32.73,-117.17,9,72290
Santa Barbara,CA,KSBA,34.43,-119.83,3,99999
San Luis Obispo,CA,KSBP,35.23,-120.63,64,99999
Stockton,CA,KSCK,37.90,-121.25,8,72492
Sandberg,CA,KSDB,34.75,-118.73,1379,72383
San Diego Brown,CA,KSDM,32.57,-116.98,160,99999
San Diego Gille,CA,KSEE,32.83,-116.97,117,99999
San Francisco,CA,KSFO,37.62,-122.38,5,72494
Montague,CA,KSIY,41.78,-122.47,807,99999
San Jose,CA,KSJC,37.37,-121.93,17,74505
Los Alamitos,CA,KSLI,33.78,-118.05,11,99999
Sacramento International,CA,KSMF,38.70,-121.58,7,99999
Santa Monica,CA,KSMO,34.02,-118.45,53,99999
Santa Maria,CA,KSMX,34.90,-120.45,73,72394
Santa Ana,CA,KSNA,33.68,-117.87,16,99999
Salinas,CA,KSNS,36.67,-121.60,26,99999
San Carlos,CA,KSQL,37.52,-122.25,1,99999
Santa Rosa,CA,KSTS,38.52,-122.82,38,99999
Fairfield,CA,KSUU,38.27,-121.93,19,74516
Susanville,CA,KSVE,40.38,-120.57,1263,99999
Torrance,CA,KTOA,33.80,-118.33,31,99999
Truckee-Tahoe,CA,KTRK,39.32,-120.13,1798,99999
Thermal,CA,KTRM,33.63,-116.17,36,99999
South Lake Tahoe,CA,KTVL,38.90,-120.00,1909,99999
Ukiah,CA,KUKI,39.13,-123.20,187,99999
Vacaville,CA,KVCB,38.38,-121.96,35,99999
Vandenberg AFB,CA,KVBG,34.73,-120.58,112,72393
Visalia,CA,KVIS,36.32,-119.40,89,99999
Van Nuys,CA,KVNY,34.22,-118.48,244,99999
Lancaster,CA,KWJF,34.73,-118.22,715,99999
Vandenberg,CA,KXVW,34.72,-120.57,100,99999
Oceanside,CA,KOKB,33.22,-117.35,8,99999
Madera,CA,KMAE,36.99,-120.11,77,99999
Watsonville,CA,KWVI,36.94,-121.79,43,99999
Rifle,CO,KRIL,39.53,-107.80,1622,99999
Air Force Academy,CO,KAFF,38.97,-104.82,2003,74531
Akron,CO,KAKO,40.17,-103.22,1431,99999
Alamosa,CO,KALS,37.45,-105.87,2299,72462
Denver Centennial,CO,KAPA,39.57,-104.85,1793,99999
Aspen,CO,KASE,39.22,-106.87,2382,99999
Broomfield,CO,KBJC,39.92,-105.12,1724,99999
Aurora,CO,KBKF,39.72,-104.75,1726,99999
Burlington,CO,KITR,39.24,-102.29,1285,99999
Craig,CO,KCAG,40.50,-107.52,2438,72570
Cortez,CO,KCEZ,37.30,-108.63,1803,99999
Colorado Springs,CO,KCOS,38.82,-104.72,1881,72466
Denver,CO,KDEN,39.87,-104.67,1656,72565
Durango,CO,KDRO,37.15,-107.75,2038,99999
Eagle,CO,KEGE,39.65,-106.92,1993,99999
Fort Carson,CO,KFCS,38.68,-104.77,1789,72468
Fort Collins,CO,KFNL,40.45,-105.02,1529,99999
Grand Junction,CO,KGJT,39.12,-108.53,1475,72476
Gunnison,CO,KGUC,38.53,-106.93,2339,99999
Greeley,CO,KGXY,40.43,-104.63,1420,99999
Hayden,CO,KHDN,40.48,-107.22,2012,99999
Lamar,CO,KLAA,38.07,-102.68,1129,99999
La Junta,CO,KLHX,38.05,-103.52,1292,99999
Limon,CO,KLIC,39.27,-103.67,1635,99999
Leadville,CO,KLXV,39.22,-106.32,3026,99999
Meeker,CO,KEEO,40.05,-107.89,1957,99999
Montrose,CO,KMTJ,38.50,-107.90,1755,99999
Pueblo,CO,KPUB,38.28,-104.52,1439,72464
Trinidad,CO,KTAD,37.27,-104.33,1756,99999
Telluride,CO,KTEX,37.95,-107.90,2767,99999
Springfield,CO,KSPD,37.28,-102.61,1335,99999
Meriden,CT,KMMK,41.51,-72.83,31,99999
Hartford,CT,KBDL,41.93,-72.68,55,72508
Bridgeport,CT,KBDR,41.17,-73.13,5,72504
Danbury,CT,KDXR,41.37,-73.48,139,99999
Groton,CT,KGON,41.33,-72.05,3,99999
Hartford Brainard,CT,KHFD,41.73,-72.65,6,99999
New Haven,CT,KHVN,41.27,-72.88,4,99999
Willimantic,CT,KIJD,41.75,-72.18,148,99999
Oxford,CT,KOXC,41.48,-73.13,222,99999
Dover AFB,DE,KDOV,39.13,-75.47,9,99999
Georgetown,DE,KGED,38.69,-75.36,15,99999
Wilmington,DE,KILG,39.68,-75.60,24,99999
Tampa Vandenberg,FL,KVDF,28.01,-82.35,7,99999
Kissimmee,FL,KISM,28.23,-81.44,25,99999
Stuart,FL,KSUA,27.18,-80.22,5,99999
Hollywood,FL,KHWO,26.00,-80.24,3,99999
Pompano Beach,FL,KPMP,26.25,-80.11,6,99999
Naples,FL,KAPF,26.15,-81.77,3,99999
Apalachicola,FL,KAAF,29.73,-85.03,6,72220
Brooksville,FL,KBKV,28.47,-82.45,20,99999
Bartow,FL,KBOW,27.95,-81.78,39,99999
Crestview,FL,KCEW,30.78,-86.52,65,99999
Cocoa,FL,KCOF,28.23,-80.60,3,74795
Jacksonville Craig,FL,KCRG,30.33,-81.52,12,99999
Cross City,FL,KCTY,29.62,-83.10,13,72212
Daytona Beach,FL,KDAB,29.18,-81.05,11,99999
Destin,FL,KDTS,30.40,-86.47,6,99999
Key West,FL,KEYW,24.55,-81.75,6,72201
Ft Lauderdale,FL,KFLL,26.07,-80.15,7,99999
Fort Myers,FL,KFMY,26.58,-81.87,5,99999
Ft Pierce,FL,KFPR,27.50,-80.37,7,99999
Fort Lauderdale,FL,KFXE,26.20,-80.17,4,99999
Winter Haven,FL,KGIF,28.05,-81.75,44,99999
Gainesville,FL,KGNV,29.68,-82.27,46,99999
Hurlburt Field,FL,KHRT,30.43,-86.68,12,74777
Homestead AFB,FL,KHST,25.48,-80.38,2,99999
Jacksonville,FL,KJAX,30.50,-81.70,9,72206
Lakeland Region,FL,KLAL,27.98,-82.02,43,99999
Leesburg,FL,KLEE,28.82,-81.81,30,99999
Tampa Macdill AFB,FL,KMCF,27.85,-82.52,4,74788
Orlando International,FL,KMCO,28.43,-81.32,32,72205
Miami,FL,KMIA,25.82,-80.28,4,72202
Melbourne,FL,KMLB,28.10,-80.65,11,72204
Marathon,FL,KMTH,24.73,-81.05,2,99999
Marianna,FL,KMAI,30.84,-85.18,34,99999
Jacksonville NAS,FL,KNIP,30.23,-81.68,7,99999
Pensacola NAS,FL,KNPA,30.35,-87.32,9,99999
Key West NAS,FL,KNQX,24.57,-81.68,2,99999
Mayport NS,FL,KNRB,30.40,-81.42,5,99999
Whiting Fld NAS,FL,KNSE,30.72,-87.02,61,99999
Cecil Field,FL,KVQQ,30.22,-81.88,25,99999
Ocala,FL,KOCF,29.17,-82.22,27,99999
Opa Locka,FL,KOPF,25.90,-80.28,3,99999
Orlando,FL,KORL,28.55,-81.33,34,99999
Panama City Tyndall AFB,FL,KPAM,30.07,-85.58,5,74775
West Palm Beach,FL,KPBI,26.68,-80.12,6,72203
Panama City,FL,KPFN,30.22,-85.68,6,99999
Perry,FL,K40J,30.07,-83.58,14,99999
Punta Gorda,FL,KPGD,26.92,-81.99,11,99999
St. Petersburg International,FL,KPIE,27.92,-82.68,3,99999
Pensacola,FL,KPNS,30.47,-87.18,37,99999
Fort Myers International,FL,KRSW,26.53,-81.75,9,99999
Sanford,FL,KSFB,28.78,-81.23,17,99999
St. Augustine,FL,KSGJ,29.97,-81.33,3,99999
St. Petersburg,FL,KSPG,27.77,-82.63,2,99999
Sarasota,FL,KSRQ,27.40,-82.55,9,99999
Titusville,FL,KTIX,28.52,-80.80,11,99999
Tallahassee,FL,KTLH,30.38,-84.37,21,72214
Kendall,FL,KTMB,25.65,-80.43,3,99999
Tampa,FL,KTPA,27.97,-82.53,3,72211
Nasa Shuttle,FL,KTTS,28.62,-80.72,3,99999
Valparaiso,FL,KVPS,30.48,-86.53,26,72221
Vero Beach,FL,KVRB,27.65,-80.42,8,99999
Winder,GA,KWDR,33.99,-83.67,287,99999
Lawrenceville,GA,KLZU,33.98,-83.97,323,99999
Marietta McCollum Field,GA,KRYY,34.01,-84.60,317,99999
Thomaston,GA,KOPN,32.95,-84.27,243,99999
La Grange,GA,KLGC,33.02,-85.07,211,99999
Cartersville,GA,KVPC,34.13,-84.85,229,99999
Vidalia,GA,KVDI,32.19,-82.37,84,99999
Albany,GA,KABY,31.53,-84.18,59,72216
Augusta Bush,GA,KAGS,33.37,-81.97,45,72218
Athens,GA,KAHN,33.95,-83.32,247,72311
Alma,GA,KAMG,31.53,-82.50,61,99999
Atlanta,GA,KATL,33.65,-84.42,315,72219
Waycross,GA,KAYS,31.25,-82.40,46,72213
Brunswick,GA,KBQK,31.25,-81.47,8,99999
Columbus,GA,KCSG,32.52,-84.93,121,99999
Augusta,GA,KDNL,33.40,-82.00,9999,99999
Peachtree City,GA,KFFC,33.34,-84.57,265,99999
Atlanta Fulton,GA,KFTY,33.78,-84.52,256,99999
Dalton,GA,KDNN,34.72,-84.87,216,99999
Gainesville,GA,KGVL,34.32,-83.83,38,99999
Ft. Stewart,GA,KLHW,31.88,-81.57,14,72209
Fort Benning,GA,KLSF,32.33,-84.83,71,72225
Macon,GA,KMCN,32.70,-83.65,110,72217
Marietta,GA,KMGE,33.92,-84.52,326,72227
Newnan,GA,KCCO,33.31,-84.77,296,99999
Atlanta Dekalb,GA,KPDK,33.88,-84.30,305,99999
Rome,GA,KRMG,34.35,-85.17,196,72320
Savannah,GA,KSAV,32.13,-81.20,15,72207
Saint Simons Island,GA,KSSI,31.15,-81.38,6,99999
Savannah Hunter,GA,KSVN,32.02,-81.15,13,99999
Valdosta,GA,KVAD,30.97,-83.20,71,74781
Valdosta Regional,GA,KVLD,30.78,-83.28,62,99999
Warner Robins,GA,KWRB,32.63,-83.60,90,99999
Hana,HI,PHHN,20.78,-156.02,24,91190
Wheeler AFB,HI,PHHI,21.47,-158.02,290,91170
Bradshaw AFB,HI,PHSF,19.78,-155.55,1887,99999
Honolulu,HI,PHNL,21.35,-157.93,5,91182
Hilo,HI,PHTO,19.72,-155.07,11,91285
Lahaina,HI,PHJH,21.02,-156.63,40,99999
Keahole Point,HI,PHKO,19.73,-156.05,13,99999
Lihue,HI,PHLI,21.98,-159.35,45,91165
Lanai City,HI,PHNY,20.78,-156.95,399,99999
Molokai,HI,PHMK,21.15,-157.10,137,91186
Kahului,HI,PHOG,20.90,-156.43,20,91190
Oahu Kalaeola,HI,PHJR,21.32,-158.07,15,91178
Kaneohe MCBH,HI,PHNG,21.45,-157.77,3,91176
Harlan,IA,KHNR,41.58,-95.34,375,99999
Audubon,IA,KADU,41.70,-94.92,392,99999
Atlantic,IA,KAIO,41.40,-95.05,347,99999
Waterloo,IA,KALO,42.55,-92.40,268,72548
Washington,IA,KAWG,41.28,-91.67,226,99999
Algona,IA,KAXA,43.08,-94.27,364,99999
Ames,IA,KAMW,41.99,-93.62,376,99999
Ankeny,IA,KIKV,41.68,-93.57,277,99999
Boone,IA,KBNW,42.06,-93.86,345,99999
Burlington,IA,KBRL,40.78,-91.13,213,99999
Clarion,IA,KCAV,42.75,-93.77,345,99999
Council Bluffs,IA,KCBF,41.27,-95.77,373,99999
Charles City,IA,KCCY,43.08,-92.62,342,99999
Cedar Rapids,IA,KCID,41.88,-91.70,265,72545
Carroll,IA,KCIN,42.05,-94.78,360,99999
Chariton,IA,KCNC,41.02,-93.37,315,99999
Creston,IA,KCSQ,41.02,-94.36,395,99999
Clinton,IA,KCWI,41.83,-90.33,216,99999
Dubuque,IA,KDBQ,42.40,-90.70,329,72547
Decorah,IA,KDEH,43.28,-91.73,353,99999
Denison,IA,KDNS,41.98,-95.38,381,99999
Des Moines,IA,KDSM,41.53,-93.65,294,72546
Davenport,IA,KDVN,41.62,-90.58,228,99999
Webster City,IA,KEBS,42.44,-93.87,339,99999
Keokuk,IA,KEOK,40.47,-91.43,202,99999
Estherville,IA,KEST,43.40,-94.75,401,99999
Fairfield,IA,KFFL,41.05,-91.98,240,99999
Fort Dodge,IA,KFOD,42.55,-94.18,355,72549
Fort Madison,IA,KFSW,40.67,-91.33,221,99999
Clarinda,IA,KICL,40.71,-95.03,294,99999
Iowa City,IA,KIOW,41.63,-91.55,204,99999
Lamoni,IA,KLWD,40.63,-93.90,345,99999
Le Mars,IA,KLRJ,42.78,-96.20,359,99999
Mason City,IA,KMCW,43.15,-93.33,370,99999
Marshalltown,IA,KMIW,42.11,-92.91,297,99999
Muscatine,IA,KMUT,41.37,-91.13,164,99999
Monticello,IA,KMXO,42.23,-91.17,252,99999
Oelwein,IA,KOLZ,42.68,-91.98,324,99999
Orange City,IA,KORC,43.00,-96.08,424,99999
Ottumwa,IA,KOTM,41.10,-92.45,258,99999
Knoxville,IA,KOXV,41.30,-93.12,278,99999
Red Oak,IA,KRDK,41.01,-95.26,318,99999
Shenandoah,IA,KSDA,40.75,-95.42,585,99999
Sheldon,IA,KSHL,43.21,-95.83,434,99999
Spencer,IA,KSPW,43.17,-95.20,517,99999
Storm Lake,IA,KSLB,42.61,-95.24,452,99999
Sioux City,IA,KSUX,42.40,-96.38,336,72557
Newton,IA,KTNU,41.67,-93.02,283,99999
Malta,ID,K77M,42.32,-113.33,1375,99999
Boise,ID,KBOI,43.57,-116.22,874,72681
Burley,ID,KBYI,42.55,-113.77,1265,99999
Coeur d'Alene,ID,KCOE,47.77,-116.82,707,99999
Caldwell,ID,KEUL,43.63,-116.63,740,99999
Idaho Falls,ID,KIDA,43.52,-112.07,1445,99999
Jerome,ID,KJER,42.73,-114.46,1234,99999
Lewiston,ID,KLWS,46.38,-117.02,438,72783
Malad City,ID,KMLD,42.17,-112.30,1373,99999
Mullan Pass,ID,KMLP,47.45,-115.68,1837,99999
Mountain Home,ID,KMUO,43.05,-115.87,913,99999
McCall,ID,KMYL,44.88,-116.10,1531,99999
Lowell,ID,KP69,45.82,-115.43,1249,99999
Pocatello,ID,KPIH,42.92,-112.60,1365,72578
Spencer,ID,KS14,44.35,-112.18,1800,99999
Salmon,ID,KSMN,45.12,-113.88,1233,99999
Hailey,ID,KSUN,43.50,-114.30,1620,99999
Twin Falls,ID,KTWF,42.48,-114.48,1265,99999
Challis,ID,KLLJ,44.52,-114.22,1546,99999
Rexburg,ID,KRXE,43.83,-111.81,1481,99999
Soda Springs,ID,KU78,42.65,-111.58,1780,99999
Stanley,ID,KSNT,44.21,-114.93,1951,99999
Alton,IL,KALN,38.90,-90.05,166,99999
Aurora,IL,KARR,41.77,-88.47,215,99999
Belleville,IL,KBLV,38.55,-89.85,138,99999
Bloomington,IL,KBMI,40.48,-88.92,267,99999
Champaign,IL,KCMI,40.03,-88.28,230,99999
Cahokia,IL,KCPS,38.57,-90.15,126,99999
Decatur,IL,KDEC,39.83,-88.87,208,99999
Chicago DuPage,IL,KDPA,41.92,-88.25,231,99999
Chicago Meigs,IL,KCGX,41.87,-87.60,181,99999
Lawrenceville,IL,KLWV,38.76,-87.61,169,99999
Carbondale,IL,KMDH,37.78,-89.25,125,99999
Chicago Midway,IL,KMDW,41.78,-87.75,190,72534
Moline,IL,KMLI,41.45,-90.52,181,72544
Marseilles,IL,KMMO,41.37,-88.68,225,74460
Mount Vernon,IL,KMVN,38.32,-88.87,146,99999
Mattoon,IL,KMTO,39.48,-88.28,220,99999
Marion Regional,IL,KMWA,37.75,-89.02,144,99999
Chicago,IL,KORD,41.98,-87.90,205,72530
Peoria Regional,IL,KPIA,40.67,-89.68,202,72532
Chicago Palwauk,IL,KPWK,42.12,-87.92,197,99999
Rockford,IL,KRFD,42.20,-89.10,226,72543
Springfield,IL,KSPI,39.85,-89.67,187,72439
Sterling,IL,KSQI,41.75,-89.67,197,99999
Waukegan,IL,KUGN,42.42,-87.87,222,99999
Quincy,IL,KUIN,39.95,-91.20,234,99999
Anderson,IN,KAID,40.12,-85.62,280,99999
Columbus,IN,KBAK,39.27,-85.90,200,99999
Bloomington,IN,KBMG,39.15,-86.62,258,99999
Elkhart,IN,KEKM,41.72,-86.00,237,99999
Evansville,IN,KEVV,38.05,-87.53,118,72432
Eagle Creek,IN,KEYE,39.80,-86.10,250,99999
Fort Wayne,IN,KFWA,41.00,-85.20,252,72533
Peru,IN,KGUS,40.65,-86.15,247,99999
Gary,IN,KGYY,41.62,-87.42,180,99999
Goshen,IN,KGSH,41.53,-85.79,252,99999
Huntingburg,IN,KHNB,38.25,-86.95,161,99999
Terre Haute,IN,KHUF,39.45,-87.32,178,99999
Indianapolis,IN,KIND,39.73,-86.27,246,72438
Lafayette,IN,KLAF,40.42,-86.93,185,99999
Muncie,IN,KMIE,40.25,-85.40,286,99999
Shelbyville,IN,KGEZ,39.58,-85.80,245,99999
South Bend,IN,KSBN,41.70,-86.32,236,72535
Valparaiso,IN,KVPZ,41.45,-87.01,235,99999
Wichita Jabara,KS,KAAO,37.75,-97.22,433,99999
Coffeyville,KS,KCFV,37.08,-95.57,225,99999
Concordia,KS,KCNK,39.55,-97.65,452,72458
Chanute,KS,KCNU,37.67,-95.48,305,99999
Dodge City,KS,KDDC,37.77,-99.97,790,72451
Elkhart,KS,KEHA,37.00,-101.90,1099,99999
Emporia,KS,KEMP,38.33,-96.18,368,99999
Newton,KS,KEWK,38.05,-97.28,467,99999
Topeka Forbes,KS,KFOE,38.95,-95.67,329,99999
Ft Riley,KS,KFRI,39.05,-96.77,325,72455
Great Bend,KS,KGBD,38.35,-98.87,575,99999
Garden City,KS,KGCK,37.93,-100.72,881,99999
Goodland,KS,KGLD,39.37,-101.70,1124,72465
Hill City,KS,KHLC,39.38,-99.83,678,99999
Hutchinson,KS,KHUT,38.07,-97.87,470,99999
Hays,KS,KHYS,38.85,-99.27,609,99999
McConnell AFB,KS,KIAB,37.62,-97.27,418,99999
Wichita,KS,KICT,37.65,-97.43,408,72450
Olathe New Century,KS,KIXD,38.83,-94.88,331,99999
Liberal,KS,KLBL,37.05,-100.97,879,99999
Lawrence,KS,KLWC,39.02,-95.22,253,99999
Manhattan,KS,KMHK,39.13,-96.67,322,99999
Olathe,KS,KOJC,38.85,-94.73,334,99999
Medicine Lodge,KS,KP28,37.30,-98.58,468,72452
Parsons,KS,KPPF,37.33,-95.52,274,72451
Russell,KS,KRSL,38.87,-98.82,568,99999
Salina,KS,KSLN,38.80,-97.65,388,99999
Topeka,KS,KTOP,39.07,-95.62,270,72456
Winfield,KS,KWLD,37.30,-97.00,9999,99999
Bowling Green,KY,KBWG,36.97,-86.42,167,99999
Covington,KY,KCVG,39.05,-84.67,267,72421
Henderson City,KY,KEHR,37.82,-87.68,117,99999
Frankfort,KY,KFFT,38.25,-84.90,9999,99999
Fort Knox,KY,KFTK,37.90,-85.97,230,72424
Fort Campbell,KY,KHOP,36.67,-87.50,174,74671
Jackson,KY,KJKL,37.60,-83.32,421,99999
Lexington,KY,KLEX,38.03,-84.60,301,72422
Louisville Bowman,KY,KLOU,38.23,-85.67,167,99999
London-Corbin,KY,KLOZ,37.08,-84.08,369,99999
Owensboro,KY,KOWB,37.73,-87.17,124,99999
Paducah,KY,KPAH,37.07,-88.77,126,72435
Louisville,KY,KSDF,38.18,-85.73,149,72423
Somerset,KY,KSME,38.00,-84.60,283,99999
Natchitoches,LA,KIER,31.74,-93.10,37,99999
Ruston,LA,KRSN,32.52,-92.58,95,99999
Green Canyon 184,LA,KXCN,27.77,-91.52,5,99999
High Island,LA,KH08,28.10,-94.40,30,99999
Venice,LA,K1B7,29.35,-89.43,2,99999
Boothville,LA,KBVE,29.33,-89.40,2,72232
Amelia,LA,K7R3,29.70,-91.10,2,99999
Intracoastal City,LA,K7R4,29.78,-92.13,5,99999
Cameron,LA,K7R5,29.78,-93.30,1,99999
South Marsh Island,LA,K7R8,28.30,-91.98,1,99999
South Marsh Island 268,LA,KSRN,29.07,-91.87,1,99999
Fourchon,LA,K9F2,29.10,-90.20,2,99999
Alexandria,LA,KAEX,31.33,-92.55,27,74754
New Iberia,LA,KARA,30.03,-91.88,7,99999
Grand Isle,LA,KAXO,29.25,-89.97,2,99999
Barksdale AFB,LA,KBAD,32.50,-93.67,51,99999
Baton Rouge,LA,KBTR,30.53,-91.15,21,99999
Shreveport Downtown,LA,KDTN,32.53,-93.75,55,99999
Alexandria Esle,LA,KESF,31.40,-92.30,34,99999
Houma,LA,KHUM,29.57,-90.67,3,99999
Lake Charles Regional,LA,KLCH,30.12,-93.22,10,72240
Lake Charles,LA,KCWF,30.21,-93.14,5,99999
Lafayette,LA,KLFT,30.20,-91.98,13,99999
Monroe,LA,KMLU,32.52,-92.03,24,99999
New Orleans,LA,KMSY,29.98,-90.25,9,72231
New Orleans NAS,LA,KNBG,29.83,-90.03,0,99999
New Orleans Lakefront,LA,KNEW,30.05,-90.03,3,99999
Salt Point,LA,KP92,29.60,-91.30,3,99999
Fort Polk,LA,KPOE,31.05,-93.03,100,72239
Patterson,LA,KPTN,29.72,-91.33,3,99999
Slidell,LA,KASD,30.34,-89.82,9,99999
South Timbalier,LA,KS58,28.53,-90.58,1,99999
Shreveport,LA,KSHV,32.47,-93.82,79,72248
Pittsfield,MA,KPSF,42.43,-73.29,355,99999
Nantucket,MA,KACK,41.25,-70.07,15,99999
North Adams,MA,KAQW,42.70,-73.17,201,99999
Fitchburg,MA,KFIT,42.55,-71.76,106,99999
Westfield,MA,KBAF,42.15,-72.72,83,99999
Bedford,MA,KBED,42.47,-71.28,41,74490
Boston,MA,KBOS,42.37,-71.03,9,72509
Taunton,MA,KTAN,41.87,-71.02,13,99999
Beverly,MA,KBVY,42.58,-70.92,33,99999
Chicopee,MA,KCEF,42.20,-72.53,75,74491
Chatham,MA,KCQX,41.68,-70.00,19,99999
New Bedford,MA,KEWB,41.68,-70.97,24,99999
Otis AFB,MA,KFMH,41.65,-70.52,40,72506
Hyannis,MA,KHYA,41.67,-70.28,16,99999
Lawrence,MA,KLWM,42.72,-71.12,45,99999
Martha's Vineyard,MA,KMVY,41.40,-70.62,21,99999
Orange,MA,KORE,42.57,-72.27,164,99999
Worcester,MA,KORH,42.27,-71.88,308,99999
Norwood,MA,KOWD,42.18,-71.18,15,99999
Provincetown,MA,KPVC,42.07,-70.22,2,99999
Plymouth,MA,KPYM,41.92,-70.73,45,99999
East Milton,MA,KMQE,42.21,-71.11,199,99999
Ocean City,MD,KOXB,38.31,-75.12,3,99999
Maryland Science Center,MD,KDMH,39.28,-76.61,19,99999
Andrews AFB,MD,KADW,38.82,-76.87,86,74594
Phillips Army Airfield,MD,KAPG,39.47,-76.17,18,99999
Baltimore,MD,KBWI,39.18,-76.67,47,72406
Hagerstown,MD,KHGR,39.70,-77.73,215,99999
Baltimore Martin,MD,KMTN,39.33,-76.42,7,99999
Patuxent River,MD,KNHK,38.28,-76.40,12,72404
Salisbury,MD,KSBY,38.33,-75.52,16,99999
Greenville,ME,KGNR,45.47,-69.58,316,72619
Augusta,ME,KAUG,44.32,-69.80,107,99999
Bangor,ME,KBGR,44.80,-68.83,59,99999
Bar Harbor,ME,KBHB,44.45,-68.37,26,99999
Caribou,ME,KCAR,46.87,-68.02,190,72712
Clayton Lake,ME,K40B,46.61,-69.53,314,99999
Frenchville,ME,KFVE,47.28,-68.32,301,99999
Houlton,ME,KHUL,46.12,-67.80,150,99999
Wiscasset,ME,KIWI,43.97,-69.72,41,99999
Fryeburg,ME,KIZG,44.05,-70.95,9999,99999
Auburn-Lewiston,ME,KLEW,44.05,-70.28,88,99999
Millinocket,ME,KMLT,45.65,-68.68,124,99999
Brunswick,ME,KNHZ,43.88,-69.93,23,74392
Presque Isle,ME,KPQI,46.68,-68.05,146,72713
Portland,ME,KPWM,43.65,-70.32,19,72606
Rockland,ME,KRKD,44.07,-69.10,17,99999
Sanford,ME,KSFM,43.40,-70.72,74,99999
Waterville,ME,KWVL,44.53,-69.68,101,99999
Charlevoix,MI,KCVX,45.30,-85.27,204,99999
Mount Pleasant,MI,KMOP,43.62,-84.74,230,99999
Ludington,MI,KLDM,43.96,-86.41,197,99999
Manistique,MI,KISQ,45.97,-86.17,209,99999
Bellaire,MI,KACB,44.99,-85.20,190,99999
Adrian,MI,KADG,41.87,-84.07,243,99999
Big Rapids,MI,KRQB,43.72,-85.50,302,99999
Alma,MI,KAMN,43.32,-84.69,230,99999
Grosse Ile,MI,KONZ,42.10,-83.16,180,99999
Mason,MI,KTEW,42.57,-84.42,280,99999
Monroe,MI,KTTF,41.94,-83.43,188,99999
Sturgis,MI,KIRS,41.81,-85.44,282,99999
Alpena,MI,KAPN,45.07,-83.57,211,72639
Ann Arbor,MI,KARB,42.22,-83.75,256,99999
Kalamazoo,MI,KAZO,42.23,-85.55,266,99999
Bad Axe,MI,KBAX,43.78,-82.99,233,99999
Benton Harbor,MI,KBEH,42.13,-86.43,196,99999
Battle Creek,MI,KBTL,42.30,-85.25,290,99999
Cadillac,MI,KCAD,44.28,-85.42,398,99999
Chippewa,MI,KCIU,46.25,-84.47,244,99999
Coldwater,MI,KOEB,41.93,-85.05,292,99999
Holland,MI,KBIV,42.74,-86.11,210,99999
Houghton,MI,KCMX,47.17,-88.50,329,72744
Detroit,MI,KDET,42.42,-83.02,191,99999
Detroit Metro,MI,KDTW,42.23,-83.33,202,72537
Escanaba,MI,KESC,45.75,-87.03,187,72648
Flint,MI,KFNT,42.97,-83.75,233,72637
Grand Rapids,MI,KGRR,42.88,-85.52,245,72635
Hillsdale,MI,KJYM,41.92,-84.59,360,99999
Houghton Lake,MI,KHTL,44.37,-84.68,351,72638
Iron Mountain,MI,KIMT,45.82,-88.12,360,99999
Ironwood,MI,KIWD,46.53,-90.13,375,99999
Jackson,MI,KJXN,42.27,-84.47,305,99999
Lansing,MI,KLAN,42.77,-84.60,266,72539
Manistee,MI,KMBL,44.27,-86.25,189,99999
Marshall,MI,KRMY,42.25,-84.96,287,99999
Saginaw,MI,KMBS,43.53,-84.08,204,99999
Saginaw Browne,MI,KHYX,43.43,-83.87,183,99999
Muskegon,MI,KMKG,43.17,-86.25,193,72636
Menominee,MI,KMNM,45.13,-87.63,191,99999
Marquette,MI,KMQT,46.53,-87.55,434,72743
Newberry,MI,KERY,46.31,-85.46,265,99999
Mt. Clemens,MI,KMTC,43.62,-82.83,177,99999
Wurtsmith AFB,MI,KOSC,44.45,-83.40,193,99999
Howell,MI,KOZW,42.63,-83.98,378,99999
Port Hope,MI,KP58,44.02,-82.80,183,99999
Copper Harbor,MI,KP59,47.45,-87.90,186,99999
Seul Choix Pt,MI,KP75,45.92,-85.92,180,99999
Gaylord,MI,KGLR,45.01,-84.70,405,99999
Pellston,MI,KPLN,45.57,-84.80,219,99999
Pontiac,MI,KPTK,42.67,-83.42,299,99999
Port Huron,MI,KPHN,42.91,-82.53,198,99999
Gwinn,MI,KSAW,46.35,-87.40,372,99999
Traverse City,MI,KTVC,44.73,-85.58,190,99999
Sault Ste Marie,MI,KANJ,46.47,-84.37,221,72734
Mackinac Island,MI,KMCD,45.90,-84.60,320,99999
Ypsilanti,MI,KYIP,42.23,-83.53,218,99999
Wadena,MN,KADC,46.45,-95.21,418,99999
Moose Lake,MN,KMZH,46.42,-92.80,328,99999
Moorhead,MN,KJKJ,46.84,-96.66,279,99999
Longville,MN,KXVG,46.99,-94.20,407,99999
Waskish,MN,KVWU,48.15,-94.52,360,99999
Rush City,MN,KROS,45.70,-92.95,281,99999
Maple Lake,MN,KMGG,45.24,-93.99,313,99999
Appleton,MN,KAQP,45.23,-96.00,311,99999
Grand Marais,MN,KGNA,47.75,-90.34,185,99999
Grand Marais Airport,MN,KCKC,47.84,-90.38,548,99999
Hallock,MN,KHCO,48.75,-96.94,250,99999
Bigfork,MN,KFOZ,47.78,-93.65,411,99999
Cook,MN,KCQM,47.82,-92.69,404,99999
Mora,MN,KJMR,45.89,-93.27,308,99999
St. James,MN,KJYG,43.99,-94.56,325,99999
Litchfield,MN,KLJF,45.10,-94.51,347,99999
Ortonville,MN,KVVV,45.31,-96.42,335,99999
Pine River,MN,KPWC,46.75,-94.38,395,99999
Princeton,MN,KPNM,45.56,-93.61,298,99999
Staples,MN,KSAZ,46.38,-94.81,392,99999
Warroad,MN,KRRT,48.94,-95.35,327,99999
Windom,MN,KMWM,43.91,-95.11,430,99999
South St. Paul,MN,KSGS,44.86,-93.03,323,99999
Crane Lake,MN,KCDD,48.27,-92.48,341,99999
Albert Lea,MN,KAEL,43.68,-93.37,383,99999
Aitkin,MN,KAIT,46.55,-93.68,367,99999
Anoka County,MN,KANE,45.15,-93.22,278,99999
Orr,MN,KORB,48.02,-92.86,400,99999
Benson,MN,KBBB,45.33,-96.65,317,99999
Austin,MN,KAUM,43.67,-92.93,375,99999
Alexandria,MN,KAXN,45.87,-95.40,434,99999
Baudette,MN,KBDE,48.73,-94.62,330,99999
Silver Bay,MN,KBFW,47.20,-91.40,331,99999
Bemidji,MN,KBJI,47.50,-94.93,420,72755
Brainerd,MN,KBRD,46.40,-94.13,374,99999
Cambridge,MN,KCBG,45.57,-93.27,287,99999
Crookston,MN,KCKN,47.85,-96.62,273,99999
Cloquet,MN,KCOQ,46.70,-92.50,390,99999
Duluth,MN,KDLH,46.83,-92.18,432,72745
Detroit Lakes,MN,KDTL,46.83,-95.88,426,99999
Dodge Center,MN,KTOB,44.02,-92.83,398,99999
Ely,MN,KELO,47.82,-91.83,443,99999
Flag Island,MN,KFGN,49.32,-94.90,444,99999
Wheaton NDB,MN,KETH,45.70,-96.50,313,99999
Eveleth,MN,KEVM,47.40,-92.50,421,99999
Faribault,MN,KFBL,44.33,-93.32,322,99999
Glenwood,MN,KGHW,45.64,-95.32,425,99999
Glencoe,MN,KGYL,44.76,-94.08,302,99999
Minneapolis Flying Cloud,MN,KFCM,44.83,-93.45,276,99999
Fergus Falls,MN,KFFM,46.28,-96.15,361,72656
Fairmont,MN,KFRM,43.65,-94.42,354,99999
Fosston,MN,KFSE,45.50,-95.70,388,99999
Grand Rapids,MN,KGPZ,47.22,-93.52,413,99999
Hutchinson,MN,KHCD,44.87,-94.38,323,99999
Hibbing,MN,KHIB,47.38,-92.83,412,99999
Willmar,MN,KILL,45.12,-95.08,344,99999
International Falls,MN,KINL,48.57,-93.38,361,72747
Little Falls,MN,KLXL,45.95,-94.35,342,99999
Lakeville,MN,KLVN,44.63,-93.23,378,99999
Minneapolis Crystal,MN,KMIC,45.07,-93.35,265,99999
Jackson,MN,KMJQ,43.65,-94.98,441,99999
Madison,MN,KDXX,44.99,-96.18,330,99999
Mankato,MN,KMKT,44.22,-93.92,311,99999
Marshall,MN,KMML,44.45,-95.82,359,99999
Morris,MN,KMOX,45.57,-95.97,344,99999
Minneapolis,MN,KMSP,44.88,-93.22,255,72658
Montevideo,MN,KMVE,44.97,-95.72,315,99999
Winona,MN,KONA,44.08,-91.70,200,99999
Worthington,MN,KOTG,43.65,-95.58,480,99999
Owatonna,MN,KOWA,44.12,-93.25,350,99999
Park Rapids,MN,KPKD,46.90,-95.07,440,99999
Pipestone,MN,KPQN,43.98,-96.32,529,99999
Red Wing,MN,KRGK,44.58,-92.48,239,99999
Roseau,MN,KROX,48.85,-95.70,323,99999
Rochester,MN,KRST,43.92,-92.50,402,72644
Redwood Falls,MN,KRWF,44.55,-95.08,312,99999
St. Cloud,MN,KSTC,45.55,-94.07,312,72655
St. Paul,MN,KSTP,44.95,-93.07,209,99999
Thief River Falls,MN,KTVF,48.07,-96.18,340,99999
Two Harbors,MN,KTWM,47.05,-91.75,328,99999
New Ulm,MN,KULM,44.32,-94.50,308,99999
Kaiser,MO,KAIZ,38.10,-92.55,265,99999
Cape Girardeau,MO,KCGI,37.23,-89.57,104,99999
Columbia,MO,KCOU,38.82,-92.22,274,72445
Sedalia,MO,KDMO,38.72,-93.17,274,99999
Farmington,MO,KFAM,37.77,-90.44,288,99999
Kirksville,MO,KIRK,40.10,-92.55,294,99999
Jefferson City,MO,KJEF,38.58,-92.15,167,99999
Joplin,MO,KJLN,37.15,-94.50,299,99999
Kansas City International,MO,KMCI,39.32,-94.72,312,72446
Kansas City,MO,KMKC,39.12,-94.60,231,99999
Poplar Bluff,MO,KPOF,36.77,-90.32,100,72330
Springfield,MO,KSGF,37.23,-93.38,387,72440
St. Charles,MO,KSET,38.93,-90.43,133,99999
St. Joseph,MO,KSTJ,39.77,-94.92,249,72449
St. Louis,MO,KSTL,38.75,-90.37,172,72434
Spirit of St Louis,MO,KSUS,38.67,-90.65,141,99999
Whiteman AFB,MO,KSZL,38.73,-93.55,265,99999
Fort Leonard Wood,MO,KTBN,37.73,-92.13,353,99999
Rolla,MO,KVIH,38.13,-91.77,350,99999
West Plains,MO,KUNO,36.88,-91.90,483,99999
Chillicothe,MO,KCDJ,39.82,-93.58,234,99999
Clarksdale,MS,KCKM,34.30,-90.51,53,99999
Bay St Louis,MS,KHSA,30.37,-89.45,7,99999
Olive Branch,MS,KOLV,34.99,-89.78,122,99999
Jackson Hawkins Field,MS,KHKS,32.33,-90.22,104,99999
Hattiesburg,MS,KHBG,31.27,-89.25,46,99999
Oxford,MS,KUOX,34.38,-89.53,138,99999
Biloxi,MS,KBIX,30.42,-88.92,10,99999
Columbus AFB,MS,KCBM,33.65,-88.45,67,99999
Greenville,MS,KGLH,33.48,-90.98,40,99999
Gulfport,MS,KGPT,30.40,-89.07,9,99999
Golden Triangle,MS,KGTR,33.45,-88.58,80,99999
Greenwood,MS,KGWO,33.50,-90.08,47,99999
Natchez,MS,KHEZ,31.62,-91.30,83,99999
Jackson,MS,KJAN,32.32,-90.08,101,72235
McComb,MS,KMCB,31.18,-90.47,126,99999
Meridian,MS,KMEI,32.33,-88.75,94,72234
Meridian NAS,MS,KNMM,32.55,-88.57,97,99999
Pascagoula,MS,KPQL,30.46,-88.53,5,99999
Pine Belt,MS,KPIB,31.47,-89.33,91,99999
Tupelo,MS,KTUP,34.27,-88.77,110,72332
Vicksburg,MS,KTVR,32.35,-91.03,25,99999
Browning,MT,K8S0,48.60,-113.10,1458,99999
Drummond,MT,K3DU,46.67,-113.15,1202,99999
Baker,MT,KBHK,46.35,-104.26,906,99999
Harlowton,MT,K3HT,46.43,-109.83,1268,99999
Thompson Falls,MT,K3TH,47.60,-115.37,725,99999
Billings,MT,KBIL,45.82,-108.61,2189,72677
Butte,MT,KBTM,45.95,-112.50,1690,99999
Bozeman,MT,KBZN,45.78,-111.15,1364,99999
Cut Bank,MT,KCTB,48.60,-112.37,1175,99999
Dillon,MT,KDLN,45.25,-112.55,1597,99999
Kalispell,MT,KFCA,48.30,-114.27,906,72779
Glendive,MT,KGDV,47.13,-104.80,749,99999
Glasgow,MT,KGGW,48.22,-106.62,700,72768
Great Falls,MT,KGTF,47.48,-111.37,1115,72775
Helena,MT,KHLN,46.60,-112.00,1188,72772
Hamilton,MT,KHMM,46.25,-114.15,1110,99999
Havre,MT,KHVR,48.55,-109.77,792,72777
Jordan,MT,KJDN,47.33,-106.93,811,99999
Livingston,MT,KLVM,45.70,-110.45,1419,99999
Lewistown,MT,KLWT,47.05,-109.47,1270,99999
Miles City,MT,KMLS,46.43,-105.87,801,74230
Monida,MT,KMQM,44.57,-112.32,2068,99999
Missoula,MT,KMSO,46.92,-114.08,972,72773
Wolf Point,MT,KOLF,48.10,-105.58,605,99999
Sidney-Richland,MT,KSDY,47.70,-104.20,605,99999
West Yellowstone,MT,KWEY,44.65,-111.10,2031,99999
Boone,NC,KTNB,36.22,-81.67,1011,99999
Lincolntown,NC,KIPJ,35.48,-81.17,267,99999
Roxboro,NC,KTDF,36.28,-78.98,186,99999
Albemarle,NC,KVUJ,35.42,-80.15,186,99999
Smithfield,NC,KJNX,35.53,-78.38,50,99999
Lexington,NC,KEXX,35.78,-80.30,223,99999
Beaufort,NC,KMRH,34.73,-76.66,3,99999
Salisbury,NC,KRUQ,35.65,-80.52,236,99999
North Wilkesboro,NC,KUKF,36.22,-81.10,396,99999
Chapel Hill,NC,KIGX,35.94,-79.07,156,99999
Washington,NC,KOCW,35.57,-77.05,12,99999
Mount Airy,NC,KMWK,36.46,-80.55,380,99999
Morgantown,NC,KMRN,35.82,-81.61,387,99999
Jefferson,NC,KGEV,36.43,-81.42,969,99999
Gastonia,NC,KAKH,35.20,-81.16,243,99999
Monroe,NC,KEQY,35.02,-80.62,212,99999
Ahoskie,NC,KASJ,36.30,-77.17,21,99999
Andrews,NC,K6A3,35.19,-83.86,518,99999
Asheboro,NC,KHBI,35.65,-79.90,205,99999
Asheville,NC,KAVL,35.43,-82.55,661,72315
Burlington,NC,KBUY,36.05,-79.47,188,99999
Charlotte,NC,KCLT,35.22,-80.93,234,72314
Elizabeth City,NC,KECG,36.27,-76.18,4,99999
Erwin,NC,KHRJ,35.38,-78.73,60,99999
New Bern,NC,KEWN,35.07,-77.05,6,99999
Edenton,NC,KEDE,36.03,-76.57,6,99999
Fayetteville,NC,KFAY,34.98,-78.88,58,99999
Greenville,NC,KPGV,35.63,-77.39,8,99999
Fort Bragg,NC,KFBG,35.13,-78.93,74,74693
Goldsboro,NC,KGSB,35.33,-77.97,33,99999
Greensboro,NC,KGSO,36.08,-79.95,270,72317
Cape Hatteras,NC,KHAT,35.27,-75.55,3,72304
Mackall AAF,NC,KHFF,35.03,-79.50,115,99999
Laurinburg-Maxton,NC,KMEB,34.79,-79.37,67,99999
Hickory,NC,KHKY,35.73,-81.38,362,99999
Hatteras,NC,KHSE,35.22,-75.62,3,99999
Kenansville,NC,KDPL,35.00,-77.98,41,99999
Wilmington,NC,KILM,34.27,-77.90,10,99999
Rutherfordton,NC,KFQD,35.43,-81.94,329,99999
Winston-Salem,NC,KINT,36.13,-80.22,296,99999
Kinston,NC,KISO,35.33,-77.62,29,99999
Statesville,NC,KSVH,35.76,-80.96,294,99999
Manteo,NC,KMQI,35.92,-75.70,4,99999
New River MCAS,NC,KNCA,34.72,-77.45,8,99999
Cherry Point,NC,KNKT,34.90,-76.88,9,72309
Jacksonville,NC,KOAJ,34.83,-77.62,29,99999
Pope AFB,NC,KPOB,35.17,-79.02,66,72303
Raleigh-Durham Airport,NC,KRDU,35.87,-78.78,134,72306
Roanoke Rapids,NC,KRZZ,36.44,-77.71,78,99999
Rocky Mount,NC,KRWI,35.85,-77.90,48,99999
Southern Pines,NC,KSOP,35.23,-79.40,141,99999
Lumberton,NC,KLBT,34.61,-79.06,37,99999
Bismarck,ND,KBIS,46.77,-100.75,506,72764
Dickinson,ND,KDIK,46.80,-102.80,789,99999
Devils Lake,ND,KDVL,48.12,-98.92,443,99999
Fargo,ND,KFAR,46.90,-96.80,274,72753
Grand Forks,ND,KGFK,47.95,-97.18,257,99999
Williston,ND,KISN,48.18,-103.63,581,72767
Jamestown,ND,KJMS,46.93,-98.68,457,99999
Minot AFB,ND,KMIB,48.42,-101.35,508,99999
Minot,ND,KMOT,48.27,-101.28,523,99999
Garrison,ND,KN60,47.65,-101.43,587,99999
Lidgerwood,ND,KP67,46.10,-97.15,351,99999
Grand Forks AFB,ND,KRDR,47.97,-97.40,278,99999
Hettinger,ND,KHEI,46.01,-102.66,824,99999
Alliance,NE,KAIA,42.05,-102.80,1198,99999
Ainsworth,NE,KANW,42.58,-100.00,789,99999
Aurora,NE,KAUH,40.88,-98.00,550,99999
Broken Bow,NE,KBBW,41.43,-99.65,776,99999
Scottsbluff,NE,KBFF,41.87,-103.60,1206,72566
Beatrice,NE,KBIE,40.30,-96.75,403,99999
Chadron,NE,KCDR,42.83,-103.10,1005,99999
Kearney,NE,KEAR,40.73,-99.00,649,99999
Fremont,NE,KFET,41.45,-96.53,367,99999
Falls City,NE,KFNB,40.08,-95.60,300,99999
Grand Island,NE,KGRI,40.97,-98.32,566,72552
Hastings,NE,KHSI,40.60,-98.43,596,99999
Holdrege,NE,KHDE,40.45,-99.33,705,99999
Imperial,NE,KIML,40.52,-101.62,998,99999
North Platte,NE,KLBF,41.13,-100.68,849,72562
Lincoln,NE,KLNK,40.85,-96.75,362,72551
Lexington,NE,KLXN,40.78,-99.77,734,99999
McCook,NE,KMCK,40.20,-100.58,786,99999
Mullen,NE,KMHN,42.05,-101.07,994,99999
Ord,NE,KODX,41.62,-98.95,631,99999
Omaha Offutt,NE,KOFF,41.12,-95.92,319,72554
Norfolk,NE,KOFK,41.98,-97.43,473,72556
Ogallala,NE,KOGA,41.05,-101.80,999,99999
Columbus,NE,KOLU,41.45,-97.33,440,99999
Omaha,NE,KOMA,41.30,-95.90,299,72550
O'Neill,NE,KONL,42.47,-98.68,619,99999
North Omaha,NE,KOVN,41.37,-96.02,406,72553
Sidney,NE,KSNY,41.10,-102.98,1312,72561
Tekamah,NE,KTQE,41.77,-96.17,312,99999
Valentine,NE,KVTN,42.87,-100.55,792,72567
Jaffrey,NH,KAFN,42.80,-72.00,317,99999
Nashua,NH,KASH,42.78,-71.52,61,99999
Berlin,NH,KBML,44.58,-71.18,695,99999
Concord,NH,KCON,43.20,-71.50,105,72605
Keene,NH,KEEN,42.90,-72.27,149,99999
Whitefield,NH,KHIE,44.35,-71.55,319,99999
Laconia,NH,KLCI,43.57,-71.42,166,99999
Lebanon,NH,KLEB,43.63,-72.30,182,99999
Manchester,NH,KMHT,42.93,-71.43,71,99999
Mt. Washington,NH,KMWN,44.27,-71.30,1910,72613
Portsmouth,NH,KPSM,43.08,-70.82,31,99999
Rochester,NH,KDAW,43.29,-70.92,100,99999
Sussex,NJ,KFWN,41.20,-74.63,128,99999
Atlantic City,NJ,KACY,39.45,-74.57,20,72407
Belmar-Farmingdale,NJ,KBLM,40.18,-74.13,48,99999
Caldwell,NJ,KCDW,40.88,-74.28,53,99999
Newark,NJ,KEWR,40.70,-74.17,9,72502
Millville,NJ,KMIV,39.37,-75.07,25,99999
Morristown,NJ,KMMU,40.80,-74.42,57,99999
Mount Holly,NJ,KVAY,39.93,-74.84,16,99999
Lakehurst NAS,NJ,KNEL,40.03,-74.35,31,72409
Teterboro,NJ,KTEB,40.85,-74.07,3,99999
Trenton,NJ,KTTN,40.28,-74.82,65,99999
McGuire AFB,NJ,KWRI,40.02,-74.60,41,99999
Wildwood,NJ,KWWD,39.02,-74.92,7,99999
Somerville,NJ,KSMQ,40.62,-74.67,32,99999
Andover,NJ,K12N,41.01,-74.74,177,99999
Artesia,NM,KATS,32.85,-104.47,1081,99999
Corona,NM,K4CR,34.10,-105.68,1981,99999
Moriarty,NM,K4MY,34.98,-106.05,1890,99999
Cuba,NM,K4SL,35.80,-107.18,2106,99999
Albuquerque,NM,KABQ,35.05,-106.62,1620,72365
Albuquerque Double Eagle,NM,KAEG,35.14,-106.80,1779,99999
Alamogordo,NM,KALM,32.83,-105.98,1279,99999
Clayton,NM,KCAO,36.45,-103.15,1515,72360
Carlsbad,NM,KCNM,32.33,-104.27,1004,99999
Clovis,NM,KCVN,34.43,-103.08,1284,99999
Clovis Cannon AFB,NM,KCVS,34.38,-103.32,1309,99999
Deming,NM,KDMN,32.27,-107.72,1313,99999
Chama,NM,KE33,36.90,-106.58,2393,99999
Farmington,NM,KFMN,36.75,-108.23,1677,99999
Grants-Milan,NM,KGNT,35.17,-107.90,1987,99999
Gallup,NM,KGUP,35.52,-108.78,1972,99999
Holloman AFB,NM,KHMN,32.85,-106.10,1248,74732
Hobbs,NM,KHOB,32.68,-103.22,1115,99999
Los Alamos,NM,KLAM,35.88,-106.28,2179,99999
Las Cruces,NM,KLRU,32.28,-106.92,1358,99999
Las Vegas,NM,KLVS,35.65,-105.15,2095,99999
Roswell,NM,KROW,33.30,-104.53,1118,72268
Santa Fe,NM,KSAF,35.62,-106.08,1934,99999
Taos,NM,KSKX,36.45,-105.67,2161,99999
Ruidoso,NM,KSRR,33.47,-105.53,2076,99999
Silver City,NM,KSVC,32.63,-108.15,1659,72272
Tucumcari,NM,KTCC,35.18,-103.60,1239,99999
Truth Or Consequences,NM,KTCS,33.23,-107.27,1481,72271
Clines Corner,NM,KCQC,35.00,-105.66,2160,99999
Raton,NM,KRTN,36.74,-104.66,1939,99999
Wildhorse Resevoir,NV,KAWH,41.67,-115.78,1902,99999
Battle Mountain,NV,KB23,40.60,-116.87,1381,99999
Mercury,NV,KDRA,36.62,-116.02,1009,72387
Elko,NV,KEKO,40.83,-115.78,1565,99999
Ely,NV,KELY,39.28,-114.85,1909,72486
Hawthorne,NV,KHTH,38.55,-118.63,1285,99999
North Las Vegas,NV,KVGT,36.21,-115.19,671,99999
Las Vegas,NV,KLAS,36.08,-115.17,664,72386
Lovelock,NV,KLOL,40.07,-118.57,1190,99999
Nellis AFB,NV,KLSV,36.23,-115.03,570,99999
Fallon NAS,NV,KNFL,39.42,-118.70,1199,99999
Caliente,NV,KP38,37.62,-114.52,1335,72487
Eureka,NV,KP68,39.52,-115.97,1993,99999
Reno,NV,KRNO,39.50,-119.78,1341,72488
Tonopah,NV,KTPH,38.05,-117.08,1654,99999
Austin,NV,KU31,39.50,-117.08,2014,99999
Winnemucca,NV,KWMC,40.90,-117.80,1315,72583
Wells,NV,K9BB,41.11,-114.97,1723,99999
Central Park,NY,KNYC,40.77,-73.98,27,99999
Dansville,NY,KDSV,42.57,-77.71,201,99999
Wellsville,NY,KELZ,42.11,-77.99,647,99999
Westhampton Beach,NY,KFOK,40.85,-72.62,33,99999
Shirley,NY,KHWV,40.82,-72.87,21,99999
Albany,NY,KALB,42.75,-73.80,89,72518
Penn Yan,NY,KPEO,42.63,-77.05,298,99999
Watertown,NY,KART,44.00,-76.02,99,99999
Binghamton,NY,KBGM,42.22,-75.98,497,72515
Buffalo,NY,KBUF,42.93,-78.73,215,72528
Dunkirk,NY,KDKK,42.50,-79.28,203,99999
Elmira,NY,KELM,42.17,-76.90,291,99999
Farmingdale,NY,KFRG,40.73,-73.42,25,99999
Glens Falls,NY,KGFL,43.33,-73.62,100,99999
Fort Drum,NY,KGTB,44.05,-75.73,207,74370
White Plains,NY,KHPN,41.07,-73.70,134,99999
East Hampton,NY,KHTO,40.97,-72.25,55,99999
Niagara Falls,NY,KIAG,43.10,-78.95,180,99999
Islip,NY,KISP,40.80,-73.10,30,99999
Ithaca,NY,KITH,42.48,-76.45,335,99999
New York JFK,NY,KJFK,40.65,-73.78,7,74486
Fulton,NY,KFZY,43.35,-76.39,145,99999
Jamestown,NY,KJHW,42.15,-79.27,525,99999
Montgomery,NY,KMGJ,41.51,-74.26,111,99999
New York,NY,KLGA,40.77,-73.90,9,72503
Massena,NY,KMSS,44.93,-74.85,65,99999
Monticello,NY,KMSV,41.70,-74.80,428,99999
Ogdensburg,NY,KOGS,44.68,-75.47,91,99999
Plattsburgh,NY,KPLB,44.69,-73.52,74,99999
Poughkeepsie,NY,KPOU,41.63,-73.88,51,99999
Rochester,NY,KROC,43.12,-77.67,169,72529
Schenectady,NY,KSCH,42.85,-73.93,115,99999
Saranac Lake,NY,KSLK,44.38,-74.20,507,99999
Newburgh,NY,KSWF,41.50,-74.10,150,99999
Syracuse,NY,KSYR,43.12,-76.12,124,72519
Utica,NY,KUCA,43.15,-75.38,226,99999
Montauk,NY,KMTP,41.07,-71.92,2,99999
Akron,OH,KAKR,41.04,-81.47,325,99999
Bolton Field,OH,KTZR,39.90,-83.14,276,99999
New Philadelphia,OH,KPHD,40.47,-81.42,273,99999
Hamilton,OH,KHAO,39.36,-84.52,193,99999
Wooster,OH,KBJJ,40.87,-81.89,344,99999
Cleveland Burke,OH,KBKL,41.52,-81.68,178,99999
Akron Canton,OH,KCAK,40.92,-81.43,377,72521
Cleveland Cuyahoga,OH,KCGF,41.57,-81.48,268,99999
Cleveland,OH,KCLE,41.42,-81.87,245,72524
Columbus,OH,KCMH,40.00,-82.88,249,72428
Dayton,OH,KDAY,39.90,-84.20,306,72429
Dayton Wright,OH,KMGY,39.59,-84.22,293,72429
Defiance,OH,KDFI,41.33,-84.42,216,99999
Lorain,OH,KLPR,41.34,-82.17,242,99999
Findlay,OH,KFDY,41.02,-83.67,247,99999
Lima,OH,KAOH,40.71,-84.03,297,99999
Marion,OH,KMNN,40.62,-83.06,303,99999
Wright-Patt AFB,OH,KFFO,39.83,-84.05,251,74570
Rickenbacker,OH,KLCK,39.82,-82.93,227,99999
Lancaster,OH,KLHQ,39.75,-82.67,260,99999
Cincinnati,OH,KLUK,39.10,-84.42,147,99999
Mansfield,OH,KMFD,40.82,-82.52,395,99999
Ohio State University,OH,KOSU,40.08,-83.07,276,99999
Toledo,OH,KTOL,41.60,-83.80,211,72536
Toledo Metcalf,OH,KTDZ,41.56,-83.48,190,99999
Youngstown,OH,KYNG,41.27,-80.67,361,72525
Wilmington,OH,KILN,39.43,-83.79,328,99999
Zanesville,OH,KZZV,39.95,-81.90,274,99999
Newark Heath,OH,KVTA,40.02,-82.46,269,99999
Ashtabula,OH,KHZY,41.78,-80.70,278,99999
Poteau,OK,KRKR,35.02,-94.62,138,99999
Alva,OK,KAVK,36.77,-98.67,449,99999
Grove,OK,KGMJ,36.61,-94.74,254,99999
Ada,OK,KADH,34.80,-96.67,310,99999
Pauls Valley,OK,KPVJ,34.72,-97.22,295,99999
Guyman,OK,KGUY,36.68,-101.51,948,99999
Ardmore,OK,KADM,34.30,-97.02,232,99999
Ardmore Downtown,OK,K1F0,34.15,-97.12,257,99999
Bartlesville,OK,KBVO,36.77,-96.02,218,99999
Clinton-Sherman,OK,KCSM,35.33,-99.20,586,99999
Enid Vance AFB,OK,KEND,36.33,-97.92,398,99999
Fort Sill,OK,KFSI,34.65,-98.40,362,72355
Gage,OK,KGAG,36.30,-99.77,678,99999
Hobart,OK,KHBR,34.98,-99.05,477,99999
Lawton,OK,KLAW,34.57,-98.42,338,99999
Altus AFB,OK,KLTS,34.67,-99.27,420,72352
Guthrie,OK,KGOK,35.85,-97.42,325,99999
McAlester,OK,KMLC,34.88,-95.78,235,99999
Muskogee,OK,KMKO,35.65,-95.37,186,99999
Oklahoma City,OK,KOKC,35.40,-97.60,397,72353
Ponca City,OK,KPNC,36.73,-97.10,307,99999
Oklahoma City Wiley Post,OK,KPWA,35.53,-97.65,396,99999
Stillwater,OK,KSWO,36.17,-97.08,300,99999
Tinker AFB,OK,KTIK,35.42,-97.38,394,72354
Tulsa,OK,KTUL,36.20,-95.90,206,72356
Tulsa Jones,OK,KRVS,36.04,-95.98,194,99999
Enid,OK,KWDG,36.38,-97.78,356,99999
Frederick,OK,KFDR,34.34,-98.98,377,99999
Aurora,OR,KUAO,45.25,-122.77,60,99999
Brookings,OR,K4BK,42.05,-124.28,24,99999
John Day State,OR,K5J0,44.40,-118.97,1127,99999
Astoria,OR,KAST,46.15,-123.88,7,72791
Baker,OR,KBKE,44.83,-117.82,1027,99999
Burns,OR,KBNO,43.58,-118.95,1271,72683
Corvallis,OR,KCVO,44.50,-123.28,75,99999
Cascade Locks,OR,KCZK,45.67,-121.88,46,99999
The Dalles,OR,KDLS,45.62,-121.17,74,99999
Eugene,OR,KEUG,44.12,-123.22,114,72693
Portland Hillsboro,OR,KHIO,45.53,-122.95,62,99999
Newport,OR,KJNW,44.58,-124.07,48,99999
Newport Airport,OR,KONP,44.58,-124.05,48,72695
La Grande,OR,KLGD,45.28,-118.00,827,99999
Lakeview AWS,OR,KLKV,42.17,-120.40,1441,99999
Klamath Falls,OR,KLMT,42.15,-121.73,1247,99999
McMinnville,OR,KMMV,45.19,-123.14,49,99999
Meacham,OR,KMEH,45.52,-118.40,1236,99999
Medford,OR,KMFR,42.37,-122.87,405,72597
Ontario,OR,KONO,44.02,-117.02,668,99999
North Bend,OR,KOTH,43.42,-124.25,4,99999
Pendleton,OR,KPDT,45.68,-118.85,456,72688
Portland,OR,KPDX,45.60,-122.60,12,72698
Pacific City,OR,KPFC,45.20,-123.97,2,99999
Roseburg,OR,KRBG,43.23,-123.35,160,99999
Redmond,OR,KRDM,44.25,-121.15,938,99999
Rome,OR,KREO,42.58,-117.89,1235,99999
Tillamook,OR,KS47,45.42,-123.82,11,99999
Salem,OR,KSLE,44.92,-123.00,61,72694
Scappoose,OR,KSPB,45.77,-122.86,48,99999
Sexton Summit,OR,KSXT,42.62,-123.37,1171,99999
Portland Troutdale,OR,KTTD,45.55,-122.40,11,99999
Hermiston,OR,KHRI,45.93,-119.26,195,99999
Doylestown,PA,KDYL,40.33,-75.12,120,99999
Pottstown,PA,KPTW,40.24,-75.56,92,99999
Mt. Pocono,PA,KMPO,41.14,-75.38,577,99999
Allentown,PA,KABE,40.65,-75.43,117,72517
Selinsgrove,PA,KSEG,40.82,-76.86,137,99999
Washington,PA,KAFJ,40.13,-80.28,361,99999
Pittsburgh Allegheny Co.,PA,KAGC,40.35,-79.93,382,99999
Altoona,PA,KAOO,40.30,-78.32,458,99999
Avoca,PA,KAVP,41.33,-75.73,289,72513
Bradford,PA,KBFD,41.80,-78.63,653,99999
Butler,PA,KBTP,40.78,-79.95,380,99999
Beaver Falls,PA,KBVI,40.77,-80.40,382,99999
Harrisburg,PA,KCXY,40.22,-76.85,106,99999
Du Bois,PA,KDUJ,41.18,-78.90,554,99999
Erie,PA,KERI,42.08,-80.18,225,72526
Franklin,PA,KFKL,41.38,-79.87,469,99999
Williamsport,PA,KIPT,41.25,-76.92,160,72514
Indiana,PA,KIDI,40.63,-79.10,428,99999
Johnstown,PA,KJST,40.32,-78.83,696,99999
Meadville,PA,KGKJ,41.63,-80.21,427,99999
Latrobe,PA,KLBE,40.28,-79.40,361,99999
Lancaster,PA,KLNS,40.12,-76.30,123,99999
Middletown,PA,KMDT,40.20,-76.77,94,99999
Fort Indiantown Gap,PA,KMUI,40.43,-76.57,149,99999
Willow Grove,PA,KNXX,40.20,-75.15,110,99999
Philadelphia,PA,KPHL,39.88,-75.25,9,72408
Pittsburgh,PA,KPIT,40.50,-80.22,373,72520
Northeast Philadelphia,PA,KPNE,40.08,-75.02,37,99999
Reading,PA,KRDG,40.38,-75.97,105,99999
York,PA,KTHV,39.92,-76.87,146,99999
State College,PA,KUNV,40.85,-77.85,378,99999
Clearfield,PA,KFIG,41.05,-78.41,488,99999
Westerly,RI,KWST,41.35,-71.80,25,99999
Block Island,RI,KBID,41.17,-71.58,33,99999
N. Kingstown,RI,KOQU,41.60,-71.42,6,99999
Providence,RI,KPVD,41.73,-71.43,19,72507
Pawtucket,RI,KSFZ,41.92,-71.50,134,99999
Newport,RI,KUUU,41.45,-71.30,6,99999
Greenwood,SC,KGRD,34.25,-82.16,192,99999
Darlington,SC,KUDG,34.45,-79.88,59,99999
Clemson,SC,KCEU,34.67,-82.89,272,99999
Anderson,SC,KAND,34.50,-82.72,238,99999
Columbia,SC,KCAE,33.95,-81.12,69,72310
Charleston,SC,KCHS,32.90,-80.03,15,72208
North Myrtle Beach,SC,KCRE,33.82,-78.72,10,99999
Florence,SC,KFLO,34.18,-79.72,45,99999
Greenville Downtown,SC,KGMU,34.85,-82.35,319,99999
Greenville,SC,KGSP,34.90,-82.22,296,72312
Eastover,SC,KMMT,33.92,-80.80,77,99999
Columbia Owens,SC,KCUB,33.97,-80.99,56,99999
Myrtle Beach,SC,KMYR,33.68,-78.93,8,74791
Beaufort MCAS,SC,KNBC,32.48,-80.72,12,99999
Shaw AFB,SC,KSSC,33.97,-80.47,74,74790
Orangeburg,SC,KOGB,33.46,-80.86,60,99999
Rock Hill,SC,KUZA,34.98,-81.06,221,99999
Pine Ridge,SD,KIEN,43.02,-102.51,1015,99999
Custer,SD,KCUT,43.73,-103.62,1707,99999
Buffalo,SD,K2WX,45.57,-103.52,881,99999
Chamberlain,SD,K9V9,43.80,-99.32,530,72653
Aberdeen,SD,KABR,45.45,-98.43,396,72659
Faith,SD,KD07,45.04,-102.02,787,99999
Watertown,SD,KATY,44.92,-97.15,533,99999
Brookings,SD,KBKX,44.30,-96.82,502,99999
Belle Fourche,SD,KEFC,44.73,-103.87,82,99999
Sioux Falls,SD,KFSD,43.58,-96.73,435,72651
Huron,SD,KHON,44.38,-98.22,393,72654
Mitchell,SD,KMHE,43.77,-98.03,397,99999
Mobridge,SD,KMBG,45.54,-100.41,510,99999
Philip,SD,KPHP,44.05,-101.60,673,99999
Pierre,SD,KPIR,44.38,-100.28,531,99999
Rapid City,SD,KRAP,44.05,-103.07,966,72662
Ellsworth AFB,SD,KRCA,44.15,-103.10,978,99999
Lemmon,SD,KY22,45.93,-102.17,781,99999
Yankton,SD,KYKN,42.92,-97.38,398,99999
Winner,SD,KSFD,43.40,-99.80,622,99999
Sisseton,SD,K8D3,45.67,-96.99,354,99999
Somerville,TN,KFYE,35.21,-89.39,133,99999
Huntingdon,TN,KHZD,36.09,-88.46,151,99999
Paris,TN,KPHT,36.34,-88.38,177,99999
Selmer,TN,KSZY,35.20,-88.50,186,99999
Union City,TN,KUCY,36.38,-88.99,104,99999
Covington,TN,KM04,35.58,-89.59,85,99999
Bolivar,TN,KM08,35.21,-89.04,152,99999
Lexington,TN,KM52,35.65,-88.38,157,99999
Savannah,TN,KSNH,35.17,-88.22,144,99999
Nashville,TN,KBNA,36.12,-86.68,180,72327
Chattanooga,TN,KCHA,35.03,-85.20,210,72324
Crossville,TN,KCSV,35.95,-85.08,573,99999
Dyersburg,TN,KDYR,36.00,-89.40,103,99999
Memphis,TN,KMEM,35.05,-90.00,87,72334
Jackson,TN,KMKL,35.60,-88.92,132,99999
Smyrna,TN,KMQY,36.02,-86.52,166,99999
Millington,TN,KNQA,35.35,-89.87,98,99999
Tri-Cities,TN,KTRI,36.48,-82.40,463,99999
Knoxville,TN,KTYS,35.82,-83.98,299,72326
Oak Ridge,TN,KOQT,36.02,-84.23,277,99999
Brenham,TX,K11R,30.22,-96.37,94,99999
Grand Prarie,TX,KGPM,32.70,-97.05,180,99999
Dryden,TX,K6R6,30.05,-102.21,708,99999
McKinney,TX,KTKI,33.18,-96.59,179,99999
Arlington,TX,KGKY,32.66,-97.09,192,99999
Corsicana,TX,KCRS,32.03,-96.40,137,99999
Terrell,TX,KTRL,32.71,-96.27,145,99999
New Braunfels,TX,KBAZ,29.70,-98.20,9999,99999
Abilene,TX,KABI,32.42,-99.68,546,72266
Waco,TX,KACT,31.62,-97.22,155,72256
Dallas Addison,TX,KADS,32.97,-96.83,196,99999
Fort Worth Alliance,TX,KAFW,32.98,-97.32,220,99999
Alice,TX,KALI,27.73,-98.03,54,99999
Amarillo,TX,KAMA,35.23,-101.70,1099,72363
Austin,TX,KATT,30.30,-97.70,189,99999
Austin Bergstrom,TX,KAUS,30.19,-97.67,165,72254
Borger,TX,KBGD,35.70,-101.40,9999,99999
Beaumont,TX,KBPT,29.95,-94.02,7,72241
Brownsville,TX,KBRO,25.90,-97.43,6,72250
Burnet,TX,KBMQ,30.74,-98.24,391,99999
Childress,TX,KCDS,34.43,-100.28,595,99999
College Station,TX,KCLL,30.58,-96.37,98,99999
Cotulla,TX,KCOT,28.45,-99.22,144,99999
Corpus Christi,TX,KCRP,27.77,-97.50,13,72251
Conroe,TX,KCXO,30.36,-95.41,75,99999
Dallas Love,TX,KDAL,32.85,-96.85,148,99999
Dallas/Ft Worth,TX,KDFW,32.90,-97.03,182,72259
Dalhart,TX,KDHT,36.02,-102.55,1216,99999
Del Rio Laughlin AFB,TX,KDLF,29.37,-100.78,330,99999
Del Rio,TX,KDRT,29.37,-100.92,307,72261
Denton,TX,KDTO,33.20,-97.18,197,99999
Georgetown,TX,KGTU,30.68,-97.68,240,99999
Houston Hooks,TX,KDWH,30.07,-95.55,46,99999
Houston Clover,TX,KLVJ,29.52,-95.24,13,99999
Abilene Dyess,TX,KDYS,32.43,-99.85,545,69019
Ellington Field,TX,KEFD,29.60,-95.17,10,99999
El Paso,TX,KELP,31.80,-106.40,1194,72270
Sherman-Denison,TX,KF39,33.72,-96.67,228,99999
Fort Stockton,TX,KFST,30.90,-102.90,9999,99999
Fort Worth,TX,KFTW,32.82,-97.37,216,99999
Guadalupe Pass,TX,KGDP,31.83,-104.80,1662,72262
Longview,TX,KGGG,32.35,-94.65,124,72247
Galveston,TX,KGLS,29.30,-94.80,16,72242
Fort Hood,TX,KGRK,31.07,-97.83,309,99999
Greenville,TX,KGVT,33.07,-96.07,163,99999
Hondo,TX,KHDO,29.35,-99.18,283,99999
Killeen/Ft Hood,TX,KHLR,31.15,-97.72,283,72257
Houston,TX,KHOU,29.65,-95.28,14,99999
Harlingen,TX,KHRL,26.23,-97.65,11,99999
Houston Intercontinental,TX,KIAH,29.97,-95.35,33,72243
Killeen,TX,KILE,31.08,-97.68,258,99999
Wink,TX,KINK,31.78,-103.20,859,99999
Junction,TX,KJCT,30.50,-99.77,522,74740
Lubbock,TX,KLBB,33.65,-101.82,988,72267
Angleton,TX,KLBX,29.12,-95.47,8,99999
Lufkin,TX,KLFK,31.23,-94.75,88,99999
Laredo,TX,KLRD,27.55,-99.47,155,72252
Midland,TX,KMAF,31.95,-102.18,872,72265
McAllen,TX,KMFE,26.18,-98.23,33,99999
Marfa,TX,KMRF,30.37,-104.02,1481,72264
Mineral Wells,TX,KMWL,32.78,-98.07,296,99999
Fort Worth NAS,TX,KNFW,32.77,-97.45,198,99999
Corpus Chr NAS,TX,KNGP,27.70,-97.28,6,99999
Kingsville NAS,TX,KNQI,27.50,-97.82,15,99999
Nacogdoches,TX,KOCH,31.58,-94.72,108,99999
Paris,TX,KPRX,33.63,-95.45,167,99999
Palacios,TX,KPSX,28.73,-96.25,5,99999
McGregor,TX,KPWG,31.48,-97.32,180,99999
Dallas Redbird,TX,KRBD,32.68,-96.87,201,99999
Rockport,TX,KRKP,28.08,-97.05,8,99999
Randolph AFB,TX,KRND,29.53,-98.28,232,99999
Sabine Pass,TX,KRPE,29.70,-93.95,3,99999
San Antonio,TX,KSAT,29.53,-98.47,242,72253
San Marcos,TX,KHYI,29.89,-97.86,182,99999
Stephenville,TX,KSEP,32.22,-98.18,402,72260
Houston Hull,TX,KSGR,29.62,-95.65,2,99999
San Angelo,TX,KSJT,31.37,-100.50,582,72263
Kelly AFB,TX,KSKF,29.38,-98.58,210,99999
Wichita Falls,TX,KSPS,33.98,-98.50,314,72351
San Antonio Stinson,TX,KSSF,29.33,-98.47,176,99999
Temple,TX,KTPL,31.15,-97.40,208,99999
Tyler,TX,KTYR,32.35,-95.40,166,99999
Huntsville,TX,KUTS,30.75,-95.99,144,99999
Victoria,TX,KVCT,28.85,-96.92,36,72255
Odessa,TX,KODO,31.92,-102.39,902,99999
Port Isabel,TX,KPIL,26.16,-,97.33,5
Blanding,UT,K4BL,37.62,-109.47,1840,99999
Hanksville,UT,K4HV,38.37,-110.72,1314,99999
Bryce Canyon,UT,KBCE,37.70,-112.15,2312,99999
Cedar City,UT,KCDC,37.70,-113.10,1714,99999
Wendover,UT,KENV,40.73,-114.03,1292,72581
Ogden Hill AFB,UT,KHIF,41.12,-111.97,1459,99999
Logan,UT,KLGU,41.78,-111.85,1358,99999
Milford,UT,KMLF,38.43,-113.01,1536,99999
Moab Airport,UT,KCNY,38.76,-109.75,1388,99999
Ogden,UT,KOGD,41.20,-112.02,1362,72575
Price,UT,KPUC,39.62,-110.75,1799,72470
Provo,UT,KPVU,40.22,-111.72,1369,99999
St. George,UT,KSGU,37.08,-113.60,896,99999
Salt Lake City,UT,KSLC,40.78,-111.97,1288,72572
Delta,UT,KU24,39.33,-112.58,1414,99999
Green River,UT,KU28,39.00,-110.17,1241,99999
Vernal,UT,KVEL,40.43,-109.52,1608,99999
Louisa,VA,KLKU,38.01,-77.97,150,99999
Orange,VA,KOMH,38.25,-78.05,142,99999
Chesapeake,VA,KCPK,36.66,-76.32,6,99999
Culpeper,VA,KCJR,38.53,-77.86,95,99999
Fredericksburg,VA,KEZF,38.27,-77.45,26,99999
Leesburg,VA,KJYO,39.08,-77.56,119,99999
Melfa,VA,KMFV,37.65,-75.76,15,99999
Marion,VA,KMKJ,36.89,-81.35,780,99999
Abingdon,VA,KVJI,36.69,-82.03,636,99999
Dublin,VA,KPSK,37.14,-80.68,642,99999
Martinsville,VA,KMTV,36.63,-80.01,287,99999
Blacksburg,VA,KBCB,37.21,-80.41,650,99999
Charlottesville,VA,KCHO,38.13,-78.45,195,99999
Fort Belvoir,VA,KDAA,38.72,-77.18,21,99999
Danville,VA,KDAN,36.57,-79.33,174,99999
Washington,DC,KDCA,38.85,-77.03,20,72405
Fort Eustis,VA,KFAF,37.13,-76.62,4,99999
Manassas,VA,KHEF,38.72,-77.52,59,99999
Hot Springs,VA,KHSP,37.95,-79.83,1156,99999
Dulles Airport,VA,KIAD,38.95,-77.45,98,72403
Langley AFB,VA,KLFI,37.08,-76.37,3,74598
Galax,VA,KHLX,36.77,-80.82,821,99999
Wise,VA,KLNP,36.98,-82.53,817,99999
Lynchburg,VA,KLYH,37.33,-79.20,286,72410
Norfolk NAS,VA,KNGU,36.93,-76.28,5,99999
Oceana NAS,VA,KNTU,36.82,-76.03,7,99999
Quantico,VA,KNYG,38.50,-77.30,4,99999
Richmond Hanover County,VA,KOFP,37.70,-77.43,63,99999
Norfolk,VA,KORF,36.90,-76.20,9,72308
Newport News,VA,KPHF,37.13,-76.50,13,99999
Petersburg,VA,KPTB,37.18,-77.51,59,99999
Richmond,VA,KRIC,37.50,-77.33,54,72401
Roanoke,VA,KROA,37.32,-79.97,358,72411
Franklin,VA,KFKN,36.70,-76.90,12,99999
Farmville,VA,KFVX,37.36,-78.44,125,99999
Winchester,VA,KOKV,39.14,-78.14,221,99999
South Hill,VA,KAVC,36.69,-78.05,134,99999
Staunton,VA,KSHD,38.27,-78.90,366,99999
Suffolk,VA,KSFQ,36.68,-76.60,22,99999
Wakefield,VA,KAKQ,36.99,-77.00,34,99999
Wallops Island,VA,KWAL,37.85,-75.48,3,72402
St. Johnsbury,VT,K1V4,44.42,-72.02,217,72614
Burlington,VT,KBTV,44.47,-73.15,104,72617
Montpelier,VT,KMPV,44.20,-72.57,355,99999
Morrisville,VT,KMVL,44.50,-72.62,234,99999
Rutland State,VT,KRUT,43.53,-72.95,240,99999
Springfield,VT,KVSF,43.35,-72.52,176,99999
Bennington,VT,KDDH,42.89,-73.25,244,99999
Deer Park,WA,KDEW,47.97,-117.43,668,99999
Walla Walla,WA,KALW,46.10,-118.28,367,72788
Arlington,WA,KAWO,48.17,-122.16,41,99999
Seattle Boeing,WA,KBFI,47.53,-122.30,5,99999
Colville,WA,KCQV,48.55,-117.88,572,99999
Bellingham,WA,KBLI,48.80,-122.53,48,99999
Port Angeles,WA,KCLM,48.12,-123.50,88,99999
Wenatchee,WA,KEAT,47.40,-120.20,379,99999
Ellensburg,WA,KELN,47.03,-120.53,538,99999
Ephrata,WA,KEPH,47.30,-119.52,388,99999
Friday Harbor,WA,KFHR,48.52,-123.02,33,99999
Spokane,WA,KGEG,47.63,-117.53,721,72785
Fort Lewis,WA,KGRF,47.08,-122.58,92,74207
Hanford,WA,KHMS,46.57,-119.60,223,72784
Hoquiam,WA,KHQM,46.97,-123.93,4,99999
Omak,WA,KOMK,48.46,-119.52,396,99999
Kelso-Longview,WA,KKLS,46.12,-122.90,5,99999
Moses Lake,WA,KMWH,47.20,-119.32,361,99999
Whidbey Island,WA,KNUW,48.35,-122.65,14,69023
Olympia,WA,KOLM,46.97,-122.90,61,72792
Everett,WA,KPAE,47.90,-122.28,185,99999
Pasco,WA,KPSC,46.27,-119.12,124,99999
Pullman,WA,KPUW,46.75,-117.12,778,99999
Bremerton,WA,KPWT,47.50,-122.75,147,99999
Renton,WA,KRNT,47.50,-122.22,9,99999
Seattle,WA,KSEA,47.45,-122.30,137,72793
Spokane Felts,WA,KSFF,47.68,-117.32,595,99999
Shelton,WA,KSHN,47.23,-123.15,85,99999
Spokane Fairchild,WA,KSKA,47.62,-117.65,750,99999
Stampede Pass,WA,KSMP,47.28,-121.33,1209,99999
Tacoma,WA,KTCM,47.13,-122.48,98,74206
Toledo,WA,KTDO,46.48,-122.80,113,99999
Tacoma Narrows,WA,KTIW,47.27,-122.58,89,99999
Quillayute,WA,KUIL,47.95,-124.55,62,72797
Vancouver,WA,KVUO,45.62,-122.66,10,99999
Yakima,WA,KYKM,46.57,-120.53,325,72781
New Richmond,WI,KRNH,45.15,-92.53,304,99999
Merrill,WI,KRRL,45.20,-89.71,401,99999
Prarie Du Chien,WI,KPDC,43.02,-91.12,201,99999
Clintonville,WI,KCLI,44.61,-88.73,250,99999
Boscobel,WI,KOVS,43.16,-90.68,202,99999
Superior,WI,KDYT,46.72,-92.04,186,99999
Juneau,WI,KUNU,43.43,-88.70,285,99999
Mineral Point,WI,KMRJ,42.89,-90.23,359,99999
Eagle River,WI,KEGV,45.93,-89.27,500,99999
Antigo,WI,KAIG,45.15,-89.12,456,99999
Minocqua,WI,KARV,45.93,-89.73,496,99999
Appleton,WI,KATW,44.25,-88.52,280,99999
West Bend,WI,KETB,43.42,-88.13,270,99999
Wausau,WI,KAUW,44.93,-89.63,366,99999
Mosinee,WI,KCWA,44.78,-89.67,389,99999
Baraboo,WI,KDLL,43.70,-89.80,298,99999
Eau Claire,WI,KEAU,44.87,-91.48,276,99999
Fond du Lac,WI,KFLD,43.77,-88.49,318,99999
Green Bay,WI,KGRB,44.48,-88.13,214,72645
Hayward,WI,KHYR,46.02,-91.45,370,99999
Wisconsin Rapids,WI,KISW,44.44,-89.83,308,99999
Janesville,WI,KJVL,42.62,-89.03,246,99999
Kenosha,WI,KENW,42.60,-87.93,227,99999
Lone Rock,WI,KLNR,43.22,-90.18,219,99999
La Crosse,WI,KLSE,43.87,-91.25,202,72643
Marshfield,WI,KMFI,44.63,-90.18,380,99999
Milwaukee,WI,KMKE,42.95,-87.90,211,72640
Madison,WI,KMSN,43.13,-89.33,264,72641
Manitowoc,WI,KMTW,44.13,-87.68,198,99999
Medford,WI,KMDZ,45.10,-90.30,448,99999
Milwaukee Timmerman,WI,KMWC,43.12,-88.03,227,99999
Monroe,WI,KEFT,42.61,-89.59,331,99999
Osceola,WI,KOEO,45.31,-92.69,903,99999
Oshkosh,WI,KOSH,43.98,-88.55,246,99999
Phillips,WI,KPBH,45.70,-90.40,449,99999
Racine,WI,KRAC,42.76,-87.81,205,99999
Rhinelander,WI,KRHI,45.63,-89.47,495,99999
Rice Lake,WI,KRPD,45.48,-91.72,347,99999
Sheboygan,WI,KSBM,43.77,-87.85,295,99999
Stevens Point,WI,KSTE,44.55,-89.53,338,99999
Sturgeon Bay,WI,KSUE,44.85,-87.42,221,99999
Superior,WI,KSUW,46.68,-92.10,202,99999
Watertown,WI,KRYV,43.17,-88.72,254,99999
Waukesha,WI,KUES,43.02,-88.14,285,99999
Volk,WI,KVOK,43.93,-90.27,277,99999
Ashland,WI,KASX,46.55,-90.92,251,99999
Petersburg,WV,KW99,38.99,-79.14,293,99999
Beckley,WV,KBKW,37.78,-81.12,766,72412
Bluefield,WV,KBLF,37.30,-81.20,871,99999
Clarksburg,WV,KCKB,39.30,-80.23,367,99999
Charleston,WV,KCRW,38.37,-81.60,299,72414
Elkins,WV,KEKN,38.88,-79.85,609,72417
Wheeling,WV,KHLG,40.18,-80.65,365,99999
Huntington,WV,KHTS,38.37,-82.55,255,72425
Lewisburg,WV,KLWB,37.87,-80.40,702,99999
Morgantown,WV,KMGW,39.65,-79.92,380,99999
Martinsburg,WV,KMRB,39.40,-77.98,170,99999
Parkersburg,WV,KPKB,39.35,-81.43,262,99999
Arlington,WY,KARL,41.71,-106.21,2194,99999
Belle Fourche,WY,KBFU,43.93,-105.44,1432,99999
Bitter Creek,WY,KBIT,41.64,-108.58,2176,99999
Bordeaux,WY,KBRX,41.92,-104.94,1432,99999
Beaver Rim,WY,KBVR,42.58,-108.28,2042,99999
Chief Joseph,WY,KCHJ,44.75,-109.37,2529,99999
Cemetery Separation,WY,KCMS,41.53,-109.46,1962,99999
Continental Divide,WY,KCTD,41.71,-107.78,2145,99999
Dead Horse,WY,KDHS,44.21,-106.10,1249,99999
Deer Creek,WY,KDRC,42.83,-105.86,1554,99999
First Divide,WY,KFIR,41.29,-110.77,2310,99999
Gunbarrel,WY,KGUN,41.43,-104.34,1706,99999
Hiland,WY,KHLD,43.09,-107.32,1859,99999
I-25 Divide,WY,KIDV,43.94,-106.64,1542,99999
Inyan Kara,WY,KIKA,44.29,-104.62,1328,99999
Meeteese Rim,WY,KMTR,44.27,-108.87,1816,99999
Pathfinder Hill,WY,KPAT,42.56,-106.85,1926,99999
Piney Creek,WY,KPIN,44.53,-106.81,1402,99999
Pumpkin Vine,WY,KPUM,41.05,-105.46,2438,99999
Rim,WY,KRIM,43.10,-110.32,2310,99999
Sage,WY,KSGE,41.79,-110.50,2371,99999
Shute Creek,WY,KSHC,41.93,-109.96,2058,99999
Sibley Peak,WY,KSIB,42.44,-105.03,1511,99999
Skyline,WY,KSKL,41.13,-106.56,2468,99999
Twenty Mile Hill,WY,KTMH,43.12,-106.33,1755,99999
Vedauwoo,WY,KVDW,41.15,-105.40,2560,99999
Whitaker,WY,KWTR,41.41,-104.87,1890,99999
Torrington,WY,KTOR,42.06,-104.15,1282,99999
Douglas,WY,KDGW,42.75,-105.38,1477,99999
Big Piney,WY,KBPI,42.57,-110.10,2124,72671
Cody,WY,KCOD,44.52,-109.02,1553,72670
Casper,WY,KCPR,42.92,-106.47,1612,72569
Cheyenne,WY,KCYS,41.15,-104.82,1872,72564
Evanston,WY,KEVW,41.28,-111.03,2183,99999
Gillette,WY,KGCC,44.35,-105.53,1230,72665
Jackson,WY,KJAC,43.60,-110.73,1964,99999
Laramie,WY,KLAR,41.32,-105.67,2218,99999
Lander,WY,KLND,42.82,-108.73,1694,72576
Yellowstone,WY,KP60,44.55,-110.42,2368,99999
Riverton,WY,KRIW,43.07,-108.47,1684,99999
Rock Springs,WY,KRKS,41.60,-109.07,2060,99999
Rawlins,WY,KRWL,41.80,-107.20,2077,99999
Sheridan,WY,KSHR,44.77,-106.97,1209,72666
Worland,WY,KWRL,43.97,-107.95,1294,99999
Buffalo,WY,KBYG,44.38,-106.72,1497,99999
Greybull,WY,KGEY,44.52,-108.08,1191,99999
Roosevelt Roads,PR,TJNR,18.25,-65.63,12,78535
San Juan,PR,TJSJ,18.43,-66.00,19,78526
Ponce,PR,TJPS,18.02,-66.57,9,99999
Aquadilla,PR,TJBQ,18.50,-67.13,69,78514
Mayaguez,PR,TJMZ,18.25,-67.15,9,99999
St. Thomas,VI,TIST,18.33,-64.97,67,78543
St. Croix,VI,TISX,17.70,-64.80,17,78547
Beef Island,VI,TUPJ,18.43,-65.45,15,99999
Agana,GU,PGUM,13.48,144.80,82,91212
Andersen AFB,GU,PGUA,13.57,144.91,162,91218
Rota,MP,PGRO,14.17,145.25,179,91221
Saipan,MP,PGSN,15.12,145.72,4,91232
Peipeinimaru,MP,PGWT,20.05,145.22,13,99999
